-- phpMyAdmin SQL Dump
-- version 4.5.4.1deb2ubuntu2.1
-- http://www.phpmyadmin.net
--
-- Máy chủ: localhost
-- Thời gian đã tạo: Th12 22, 2018 lúc 05:36 PM
-- Phiên bản máy phục vụ: 5.7.24-0ubuntu0.16.04.1
-- Phiên bản PHP: 7.2.13-1+ubuntu16.04.1+deb.sury.org+1

SET SQL_MODE = "NO_AUTO_VALUE_ON_ZERO";
SET time_zone = "+00:00";


/*!40101 SET @OLD_CHARACTER_SET_CLIENT=@@CHARACTER_SET_CLIENT */;
/*!40101 SET @OLD_CHARACTER_SET_RESULTS=@@CHARACTER_SET_RESULTS */;
/*!40101 SET @OLD_COLLATION_CONNECTION=@@COLLATION_CONNECTION */;
/*!40101 SET NAMES utf8mb4 */;

--
-- Cơ sở dữ liệu: `shop`
--

-- --------------------------------------------------------

--
-- Cấu trúc bảng cho bảng `about`
--

CREATE TABLE `about` (
  `id` int(11) NOT NULL,
  `noidung` text COLLATE utf8_unicode_ci NOT NULL
) ENGINE=InnoDB DEFAULT CHARSET=utf8 COLLATE=utf8_unicode_ci;

--
-- Đang đổ dữ liệu cho bảng `about`
--

INSERT INTO `about` (`id`, `noidung`) VALUES
(1, '<h3><tt><small>Giới Thiệu Về Shop</small></tt></h3>\r\n\r\n<h3><tt><small>I.LỜI GIỚI THIỆU</span></strong></small></tt></h3>\r\n\r\n<h3><tt><small>&nbsp; Ch&uacute;ng t&ocirc;i l&agrave; nh&agrave; cung cấp giống,sản phẩm trầm hương cao cấp cho thị trường Việt Nam v&agrave; thế giới trong suốt hơn 20 năm qua. Kh&aacute;ch h&agrave;ng của ch&uacute;ng t&ocirc;i trải d&agrave;i từ Nam ra Bắc, từ Nhật Bản, Trung Quốc, Đ&agrave;i Loan cho đến nước Mỹ xa x&ocirc;i.</small></tt></h3>\r\n\r\n<h3><tt><small>&nbsp; Sứ mệnh l&agrave; khơi nguồn năng lượng sống hạnh ph&uacute;c cho mọi người. Với ước mơ đ&oacute;, ch&uacute;ng t&ocirc;i lu&ocirc;n cố gắng ở mức cao nhất để phục vụ c&aacute;c bạn bằng sản phẩm tốt nhất về trầm hương &ndash; một sản phẩm phục vụ sức khỏe cả về thể chất lẫn tinh thần. Về sức khỏe, trầm hương c&oacute; những đặc điểm dược l&yacute; rất tốt cho cơ thể con người. Về tinh thần, trầm hương l&agrave; sản vật gi&uacute;p con người c&oacute; cảm nhận gần với Phật giới, với vũ trụ bao la nhất.</small></tt></h3>\r\n\r\n<h3><tt><small>&nbsp; Mục ti&ecirc;u của&nbsp;l&agrave; đồng h&agrave;nh c&ugrave;ng bạn trong cuộc sống sinh hoạt hằng ng&agrave;y cũng như những sinh hoạt t&acirc;m linh m&agrave; bạn đang hướng tới.Bầu kh&ocirc;ng kh&iacute; thoang thoảng hương trầm vừa gi&uacute;p l&agrave;m trong sạch m&ocirc;i trường xung quanh bạn, vừa gi&uacute;p bạn sảng kho&aacute;i tinh thần trong cả ng&agrave;y l&agrave;m việc v&agrave; trợ lực cho bạn trong những l&uacute;c bạn cần thư gi&atilde;n trong tĩnh lặng.</small></tt></h3>\r\n\r\n<h3><tt><small>&nbsp; Với kinh nghị&ecirc;m hơn&nbsp;20 năm trong nghề, ch&uacute;ng t&ocirc;i&nbsp;lu&ocirc;n lu&ocirc;m&nbsp;chọn lọc v&agrave; mang đến cho bạn c&aacute;c nh&oacute;m sản phẩm trầm hương cao cấp. Đến với <strong>SHOP</strong>&nbsp;bạn chắc chắn sẽ cảm nhận độ tinh khiết thật sự của trầm hương !</small></tt></h3>\r\n\r\n<h3>&nbsp;</h3>\r\n\r\n<h3><tt><small><strong>II.QUYỀN LỢI:</strong></small></tt></h3>\r\n\r\n<h3><tt><small>&nbsp; Sản phẩm cam kết 100%&nbsp;chất lượng, đ&uacute;ng gi&aacute;, đ&uacute;ng mi&ecirc;u tả.</small></tt></h3>\r\n\r\n<h3><tt><small>&nbsp; Ho&agrave;n tiền 200% nếu ph&aacute;t hiện h&agrave;ng k&eacute;m chất lượng.</small></tt></h3>\r\n\r\n<h3><tt><small>&nbsp; Bảo h&agrave;nh 12 th&aacute;ng đối với mọi sản phẩm.</small></tt></h3>\r\n\r\n<h3><tt><small>&nbsp; Miễn ph&iacute; ship to&agrave;n quốc tất cả c&aacute;c sản phẩm. Kiểm tra h&agrave;ng mới thanh to&aacute;n.</small></tt></h3>\r\n\r\n<h3><tt><small>&nbsp; Bộ phận tư vấn&nbsp;nhiệt t&igrave;nh, chuy&ecirc;n nghiệp.</small></tt></h3>'),
(2, '<h3><tt><small>Ch&iacute;nh S&aacute;ch Bảo H&agrave;nh</small></tt></h3>\r\n\r\n<ul>\r\n	<li>\r\n	<h3><tt><small><strong>I. BẢO H&Agrave;NH</strong></small></tt></h3>\r\n	</li>\r\n	<li>\r\n	<h3><tt><small>-Ch&uacute;ng t&ocirc;i&nbsp;l&agrave; thương hiệu&nbsp;cung cấp sản phẩm&nbsp;đ&atilde; khẳng định được t&ecirc;n tuổi&nbsp;tr&ecirc;n&nbsp;khắp cả nước. Ch&uacute;ng t&ocirc;i ch&uacute; trọng giải quyết vấn đề nhanh gọn nhất v&agrave; tốt nhất cho kh&aacute;ch h&agrave;ng.Tất cả c&aacute;c sản phẩm đ&atilde; được chọn lọc v&agrave; kiểm định chất lượng. Trước khi gửi h&agrave;ng cho bạn, ch&uacute;ng t&ocirc;i lại kiểm tra lại lần nữa để hạn chế tối đa khả năng lỗi của sản phẩm chuyển đến tay bạn. Sản phẩm phải bảo h&agrave;nh sẽ được hướng dẫn chuyển về Shop v&agrave; được ch&uacute;ng t&ocirc;i&nbsp;giải quyết nhanh nhất c&oacute; thể.</small></tt></h3>\r\n	</li>\r\n	<li>\r\n	<h3><tt><small>-Thời gian bảo h&agrave;nh cho mọi sản phẩm l&agrave;&nbsp;<strong><em>12 th&aacute;ng</em></strong>.</small></tt></h3>\r\n	</li>\r\n</ul>'),
(3, '<p dir="ltr"><strong>L&Agrave;M SAO ĐỂ MUA S&Aacute;CH MIỄN PH&Iacute;</strong></p>\r\n\r\n<p>&nbsp;</p>\r\n\r\n<p dir="ltr"><strong>C&aacute;ch 1 : </strong></p>\r\n\r\n<p dir="ltr"><strong>B1: Click v&agrave;o chia sẽ nhận hoa hồng </strong></p>\r\n\r\n<p dir="ltr"><strong>B2 : Coppy link ph&iacute;a dưới share link n&agrave;y cho mọi người đăng k&yacute; bạn sẽ nhận được hoa hồng được Cộng trực tiếp v&agrave;o t&agrave;i khoản để mua s&aacute;ch.</strong></p>\r\n\r\n<p dir="ltr"><strong><img src="https://lh5.googleusercontent.com/fqMHW08e7sn2vKZegiVUO2-YVnaKWMzyg6pHy_4hWW_Z3xH3OWXQNSP08IVn-LdNfVAVUoEgScDXI_3eUO3lYYuTc1WZcKPUR9jXqgYH3aA8i5ibzDVoJhLlW-6z1_BEIK8WHxiw" style="height:376px; width:602px" /></strong></p>\r\n\r\n<p>&nbsp;</p>\r\n\r\n<p dir="ltr"><strong>C&aacute;ch 2 : </strong></p>\r\n\r\n<ul>\r\n	<li dir="ltr">\r\n	<p dir="ltr"><strong>M&atilde; giới thiệu ch&iacute;nh l&agrave; t&ecirc;n đăng nhập của t&agrave;i khoản của bạn.</strong></p>\r\n	</li>\r\n</ul>\r\n\r\n<p dir="ltr"><strong>VD : Đ&acirc;y l&agrave; m&atilde; giới thiệu ri&ecirc;ng của mỗi người.</strong></p>\r\n\r\n<p dir="ltr"><strong><img src="https://lh4.googleusercontent.com/HmIht3iwkWMJAcPVO5EGvA6-xCqM78rXQn3efw4glAl0v7yZBrKpTn2oyLSvJnehqDNLnNEZd3QCllfGaRZ3bL_Qoi-mjdpxOPOv14r9U2cVNrs3DzLDNn8k5YMuAA0JMa_7CAYL" style="height:192px; width:602px" /></strong></p>\r\n\r\n<p><br />\r\n<br />\r\n&nbsp;</p>\r\n\r\n<ul>\r\n	<li dir="ltr">\r\n	<p dir="ltr"><strong>Hướng dẫn người mua s&aacute;ch nhập m&atilde; v&agrave;o </strong></p>\r\n	</li>\r\n</ul>\r\n\r\n<p dir="ltr"><strong><img src="https://lh5.googleusercontent.com/7vAkYiadOqVjSKRa-xkPx9QyGY0dWlOC4N0lKfH8zGFvieQQiLsQI3DeM2mVPfOkt_tfubKuFsLCuNWW9PlxbbG-cJt-SWQsfavimebYLdkHIMagatPZ3B2OXfDC3w3uX2YrxKLZ" style="height:376px; width:602px" /></strong></p>\r\n\r\n<p><br />\r\n&nbsp;</p>\r\n\r\n<p dir="ltr"><strong>C&aacute;ch kiểm tra đơn h&agrave;ng v&agrave; khi n&agrave;o th&igrave; nhận tiền khuyến m&atilde;i :</strong></p>\r\n\r\n<ul>\r\n	<li dir="ltr">\r\n	<p dir="ltr"><strong>Click v&agrave;o b1-&gt; b2-&gt; b3 như h&igrave;nh .</strong></p>\r\n	</li>\r\n	<li dir="ltr">\r\n	<p dir="ltr"><strong>Khi b&ecirc;n shops giao h&agrave;ng th&agrave;nh c&ocirc;ng sẽ chuyễn sang trạng th&aacute;i đ&atilde; nhận h&agrave;ng , khi đ&oacute; tk của bạn sẽ tự cộng v&agrave;o tk.</strong></p>\r\n	</li>\r\n</ul>\r\n\r\n<p dir="ltr"><strong><img src="https://lh4.googleusercontent.com/D-8oSVVUL_VTJtoIFKal_P1sBq9cw61weSBfjsgF8n9L8eLwi4-vCCjQdaQ2cYipHlZZzVrlTBlzKBJ0a1up9eoSPXSMDXUDzy1AXnhlW5tils4GxY3kkX5eORbFFi6FJy-2qixY" style="height:376px; width:602px" /></strong></p>\r\n\r\n<p><br />\r\n&nbsp;</p>');

-- --------------------------------------------------------

--
-- Cấu trúc bảng cho bảng `cart`
--

CREATE TABLE `cart` (
  `id_cart` int(11) NOT NULL,
  `username` varchar(100) COLLATE utf8_unicode_ci NOT NULL,
  `name` varchar(100) COLLATE utf8_unicode_ci NOT NULL,
  `email` varchar(100) COLLATE utf8_unicode_ci NOT NULL,
  `phone` text COLLATE utf8_unicode_ci NOT NULL,
  `address` varchar(200) COLLATE utf8_unicode_ci NOT NULL,
  `comment` varchar(500) COLLATE utf8_unicode_ci DEFAULT NULL,
  `gioithieu` varchar(100) COLLATE utf8_unicode_ci DEFAULT NULL,
  `date` varchar(50) COLLATE utf8_unicode_ci NOT NULL,
  `httt` int(1) NOT NULL,
  `nhanvien` varchar(50) COLLATE utf8_unicode_ci DEFAULT NULL,
  `active` int(1) NOT NULL
) ENGINE=InnoDB DEFAULT CHARSET=utf8 COLLATE=utf8_unicode_ci;

--
-- Đang đổ dữ liệu cho bảng `cart`
--

INSERT INTO `cart` (`id_cart`, `username`, `name`, `email`, `phone`, `address`, `comment`, `gioithieu`, `date`, `httt`, `nhanvien`, `active`) VALUES
(9, 'anhnt', 'Nguyen Anh', 'theanh.a1k12@gmail.com', '0123456789', 'Đà Nẵng', 'khong', NULL, '2018-11-26 14:02:12', 0, 'admin', 0),
(10, 'anhnt', 'Nguyen Anh', 'theanh.a1k12@gmail.com', '0123456789', 'Đà Nẵng', 'khong', NULL, '2018-11-26 14:02:54', 0, 'admin', 0),
(11, 'anhnt', 'Nguyen Anh', 'theanh.a1k12@gmail.com', '0123456789', 'Đà Nẵng', 'khong', 'theanh', '2018-11-26 14:04:02', 1, 'admin', -1),
(12, 'anhnt', 'Nguyen Anh', 'theanh.a1k12@gmail.com', '0123456789', 'Đà Nẵng', NULL, NULL, '2018-12-02 01:45:12', 0, 'admin', 0),
(13, 'admin', 'Nguyen Anh', 'theanh.a1k12@gmail.com', '0919419496', 'Đà Nẵng', NULL, NULL, '2018-12-12 14:31:51', 0, 'admin', 1);

-- --------------------------------------------------------

--
-- Cấu trúc bảng cho bảng `cart_detail`
--

CREATE TABLE `cart_detail` (
  `id` int(11) NOT NULL,
  `id_cart` int(11) NOT NULL,
  `id_sp` int(11) NOT NULL,
  `ma_sp` varchar(50) COLLATE utf8_unicode_ci DEFAULT NULL,
  `namesp` varchar(500) COLLATE utf8_unicode_ci NOT NULL,
  `picture` varchar(100) COLLATE utf8_unicode_ci NOT NULL,
  `gia` int(11) NOT NULL,
  `giam` int(2) NOT NULL,
  `chiase` int(2) DEFAULT NULL,
  `soluong` int(2) NOT NULL,
  `active` int(1) NOT NULL
) ENGINE=InnoDB DEFAULT CHARSET=utf8 COLLATE=utf8_unicode_ci;

--
-- Đang đổ dữ liệu cho bảng `cart_detail`
--

INSERT INTO `cart_detail` (`id`, `id_cart`, `id_sp`, `ma_sp`, `namesp`, `picture`, `gia`, `giam`, `chiase`, `soluong`, `active`) VALUES
(16, 9, 103, NULL, 'CÔNG PHÁ KĨ THUẬT CASIO TRONG GIẢI TOÁN 10-11-12', '67VL3mxWlkhF3KHnaYotvexlmemCeEERubvxGMCq.png', 160000, 50, 10, 1, 1),
(17, 9, 102, NULL, 'CÔNG PHÁ TOÁN 1(LB51)', '1VOkU2jJ8rE1hwMnDn2EKQndAMvJ6ylC5x5V9pHQ.jpeg', 160000, 50, 10, 1, 1),
(18, 10, 101, NULL, 'CÔNG PHÁ TOÁN 2(LB52)', 'dnLITtwaNUruuRbLMe50OHcFxLTjvg8fQSwfmwne.jpeg', 170000, 50, 10, 1, 1),
(19, 10, 99, NULL, 'CÔNG PHÁ ĐỀ TOÁN 2018 (LB81)', 'IpPHeKgic6n3XCUcz6UEROnfxEXWspnlKGbUUbH4.jpeg', 150000, 40, 10, 1, 1),
(20, 11, 42, NULL, 'TỰ HỌC DỘT PHÁ CHUYÊN ĐỀ HỌC HIỂU TIẾNG ANH', 'RY3xgBrm4LH7AbjhliXaNnifDva27RO2o0zZlupS.jpeg', 150000, 40, 10, 1, 1),
(21, 12, 103, '123', 'CÔNG PHÁ KĨ THUẬT CASIO TRONG GIẢI TOÁN 10-11-12', '67VL3mxWlkhF3KHnaYotvexlmemCeEERubvxGMCq.png', 160000, 50, 10, 1, 1),
(22, 13, 94, NULL, 'CÔNG PHÁ LÝ 3(LB37)', 'NcOkWomE8pUVn0oqfPT0mOygJPxnewuy07BJL6PP.jpeg', 200000, 50, 10, 4, 1);

-- --------------------------------------------------------

--
-- Cấu trúc bảng cho bảng `cat`
--

CREATE TABLE `cat` (
  `id_cat` int(11) NOT NULL,
  `namecat` varchar(50) COLLATE utf8_unicode_ci NOT NULL,
  `parent_id` int(11) NOT NULL
) ENGINE=InnoDB DEFAULT CHARSET=utf8 COLLATE=utf8_unicode_ci;

--
-- Đang đổ dữ liệu cho bảng `cat`
--

INSERT INTO `cat` (`id_cat`, `namecat`, `parent_id`) VALUES
(20, 'SÁCH CÔNG PHÁ', 0),
(25, 'SÁCH MEGABOOK', 0),
(31, 'SÁCH SPBOOK', 0),
(35, 'COMBO SÁCH LUYỆN THI', 0),
(36, 'test', 0),
(37, 'ok', 36);

-- --------------------------------------------------------

--
-- Cấu trúc bảng cho bảng `contact`
--

CREATE TABLE `contact` (
  `id_ct` int(11) NOT NULL,
  `name` varchar(150) COLLATE utf8_unicode_ci NOT NULL,
  `email` varchar(150) COLLATE utf8_unicode_ci NOT NULL,
  `phone` varchar(20) COLLATE utf8_unicode_ci NOT NULL,
  `message` text COLLATE utf8_unicode_ci NOT NULL
) ENGINE=InnoDB DEFAULT CHARSET=utf8 COLLATE=utf8_unicode_ci;

-- --------------------------------------------------------

--
-- Cấu trúc bảng cho bảng `hinhthuc`
--

CREATE TABLE `hinhthuc` (
  `id_hinhthuc` int(11) NOT NULL,
  `name` varchar(200) COLLATE utf8_unicode_ci NOT NULL
) ENGINE=InnoDB DEFAULT CHARSET=utf8 COLLATE=utf8_unicode_ci;

--
-- Đang đổ dữ liệu cho bảng `hinhthuc`
--

INSERT INTO `hinhthuc` (`id_hinhthuc`, `name`) VALUES
(1, 'Nhóm các sản phẩm'),
(2, 'Đồng giá( giá sản phẩm )'),
(3, 'Đồng giá( % giảm giá )');

-- --------------------------------------------------------

--
-- Cấu trúc bảng cho bảng `picture`
--

CREATE TABLE `picture` (
  `id_p` int(11) NOT NULL,
  `id_sp` int(11) NOT NULL,
  `namep` text COLLATE utf8_unicode_ci NOT NULL
) ENGINE=InnoDB DEFAULT CHARSET=utf8 COLLATE=utf8_unicode_ci;

-- --------------------------------------------------------

--
-- Cấu trúc bảng cho bảng `sanpham`
--

CREATE TABLE `sanpham` (
  `id_sp` int(11) NOT NULL,
  `ma_sp` varchar(50) COLLATE utf8_unicode_ci DEFAULT NULL,
  `namesp` varchar(250) COLLATE utf8_unicode_ci NOT NULL,
  `gia` varchar(100) COLLATE utf8_unicode_ci NOT NULL,
  `chiase` int(2) DEFAULT NULL,
  `preview_text` varchar(500) COLLATE utf8_unicode_ci NOT NULL,
  `detail_text` text COLLATE utf8_unicode_ci NOT NULL,
  `id_cat` int(11) NOT NULL,
  `picture` text COLLATE utf8_unicode_ci NOT NULL,
  `giamgia` int(2) NOT NULL,
  `date` varchar(50) COLLATE utf8_unicode_ci NOT NULL,
  `count_number` int(11) DEFAULT NULL,
  `daban` int(11) NOT NULL,
  `active` int(1) NOT NULL,
  `slide` int(1) NOT NULL DEFAULT '0',
  `date_start` int(11) DEFAULT NULL,
  `date_finish` int(11) DEFAULT NULL
) ENGINE=InnoDB DEFAULT CHARSET=utf8 COLLATE=utf8_unicode_ci;

--
-- Đang đổ dữ liệu cho bảng `sanpham`
--

INSERT INTO `sanpham` (`id_sp`, `ma_sp`, `namesp`, `gia`, `chiase`, `preview_text`, `detail_text`, `id_cat`, `picture`, `giamgia`, `date`, `count_number`, `daban`, `active`, `slide`, `date_start`, `date_finish`) VALUES
(14, NULL, 'CÔNG PHÁ ĐỀ THI QUỐC GIA MÔN VĂN HỌC', '150000', 0, 'Công phá đề văn 2018', '<p>C&ocirc;ng ph&aacute; đề văn 2018</p>', 20, 'geTwH71ziThBUjT3YMbxcuvYpzDhRKKpuMM0i3Rx.jpeg', 40, '2018-11-04 12:56:02', 0, 0, 1, 0, NULL, NULL),
(20, NULL, 'CÔNG PHÁ ĐỀ THI QUỐC GIA MÔN HÓA HỌC', '150000', 0, 'Công phá hóa học', '<p>C&ocirc;ng ph&aacute; h&oacute;a học</p>', 20, 'wAxF937i08Exx5IG6Vlb3wZIIErzyXVa2eqtPTMx.png', 40, '2018-11-04 13:01:15', 0, 0, 1, 0, NULL, NULL),
(21, NULL, 'BỘ ĐỀ THI THỬ THPT QUỐC GIA MÔN SINH HỌC', '150000', 0, 'Bộ đề thi thử THPT Quốc Gia môn sinh', '<p>Bộ đề thi thử THPT Quốc Gia m&ocirc;n sinh</p>', 20, 'qjCMI0Y7RO2pG9l7zK9gicjg3cKlYKsej7i6tmvK.png', 40, '2018-11-04 13:04:41', 0, 0, 1, 0, NULL, NULL),
(22, NULL, 'BÍ QUYẾT CHINH PHỤC KỸ NĂNG ĐỌC HIỂU TIẾN ANH', '149998', 0, 'Bí quyết chinh phục - kỹ năng đọc hiểu tiếng anh', '<p>B&iacute; quyết chinh phục - kỹ năng đọc hiểu tiếng anh</p>', 25, '22IgNfKHWF4vKKXliedflkTLwrwNBklWtpAIfv3M.jpeg', 40, '2018-11-04 13:21:55', 0, 0, 1, 0, NULL, NULL),
(23, NULL, 'MEGA LUYỆN ĐỀ THPT QG 2018 MÔN LÝ', '150000', 0, 'mega luyện đề THPT quốc gia 2018 môn lí', '<p>mega luyện đề THPT quốc gia 2018 m&ocirc;n l&iacute;</p>', 25, 'fqiutmBiFPMi4qLhdQR6Ju2LWjCOqgJ8H417tGMv.png', 40, '2018-11-04 13:22:56', 0, 0, 1, 0, NULL, NULL),
(24, NULL, 'TIẾP CẬN PHƯƠNG PHÁP VÀ VẬN DỤNG CAO TRONG TRẮC NGHIỆM BÀI TOÁN THỰC TẾ', '150000', 0, 'tiếp cận phương pháp và vận dụng cao trong trắc nghiệm bài toán thực tế', '<p>tiếp cận phương ph&aacute;p v&agrave; vận dụng cao trong trắc nghiệm b&agrave;i to&aacute;n thực tế</p>', 25, 'm4WM8BxY0BrV6h8L9snMnsu79zRNcwj2joc52nUV.jpeg', 40, '2018-11-04 13:24:15', 0, 0, 1, 0, NULL, NULL),
(25, NULL, 'TIẾP CẬN 11 CHUYÊN ĐỀ TRỌNG TÂM GIẢI NHANH TRẮC NGHIỆM TOÁN', '150000', 0, 'tiếp cận 11 chuyên đề trọng tâm giải nhanh trắc nghiệm toán', '<p>tiếp cận 11 chuy&ecirc;n đề trọng t&acirc;m giải nhanh trắc nghiệm to&aacute;n</p>', 25, '7xwF9MLmelqz3DAEVbPZlEzAdSEYHJjpxUj0Ie5t.jpeg', 40, '2018-11-04 13:24:51', 0, 0, 1, 0, NULL, NULL),
(26, NULL, 'NÂNG CAO KĨ NĂNG GIẢI TOÁN TRẮC NGHIỆM 100% DẠNG BÀI HÌNH HỌC KHÔNG GIAN-TỌA ĐỘ TRONG KHÔNG GIAN', '150000', 0, 'nâng cao kỹ năng giải toán trắc nghiệm 100% dạng bài hình học không gian - tọa độ trong không gian', '<p>n&acirc;ng cao kỹ năng giải to&aacute;n trắc nghiệm 100% dạng b&agrave;i h&igrave;nh học kh&ocirc;ng gian - tọa độ trong kh&ocirc;ng gian</p>', 25, 'EAKpRzD2p4cas9xG50iW3W3jtWL29YAwmkjrlqMs.jpeg', 40, '2018-11-04 13:25:45', 0, 0, 1, 0, NULL, NULL),
(27, NULL, 'NÂNG CAO KĨ NĂNG GIẢI TOÁN TRẮC NGHIỆM 100% DẠNG BÀI MŨ-LOGARIT-SỐ PHỨC', '150000', 0, 'nâng cao kỹ năng giải toán trắc nghiệm 100% dạng bài mũ - logarit - số phức', '<p>n&acirc;ng cao kỹ năng giải to&aacute;n trắc nghiệm 100% dạng b&agrave;i mũ - logarit - số phức</p>', 25, 'kh8E6gKTnE1iVbEbppHzjPf5ilXKVOxuTD9xJOWa.jpeg', 40, '2018-11-04 13:26:38', 0, 0, 1, 0, NULL, NULL),
(28, NULL, 'NÂNG CAO KĨ NĂNG GIẢI TOÁN TRẮC NGHIỆM 100% DẠNG BÀI NGUYÊN HÀM,TÍCH PHÂN VÀ ỨNG DỤNG', '150000', 0, 'nâng cao kỹ năng giải toán trắc nghiệm 100% dạng bài nguyên hàm, tích phân và ứng dụng', '<p>n&acirc;ng cao kỹ năng giải to&aacute;n trắc nghiệm 100% dạng b&agrave;i nguy&ecirc;n h&agrave;m, t&iacute;ch ph&acirc;n v&agrave; ứng dụng</p>', 25, 'wrBiAVYCdC7AOeNLc6kHaE1mRvv71eKgihgtSEUW.jpeg', 40, '2018-11-04 13:27:17', 0, 0, 1, 0, NULL, NULL),
(29, NULL, 'NÂNG CAO KĨ NĂNG GIẢI TOÁN TRẮC NGHIỆM 100% DẠNG BÀI HÀM SỐ VÀ CÁC BÀI TOÁN LIÊN QUAN', '150000', 0, 'nâng cao kỹ năng giải toán trắc nghiệm 100% dạng bài hàm số và các bài toán liên quan', '<p>n&acirc;ng cao kỹ năng giải to&aacute;n trắc nghiệm 100% dạng b&agrave;i h&agrave;m số v&agrave; c&aacute;c b&agrave;i to&aacute;n li&ecirc;n quan</p>', 25, 'kAEbnQ8zqrrdq4yaDVaiwrbI43cjqFFyKuiU1T2J.jpeg', 40, '2018-11-04 13:31:01', 0, 0, 1, 0, NULL, NULL),
(30, NULL, 'MEGA LUYỆN ĐỀ THPT QG 2018 MÔN TOÁN', '150000', 0, 'mega luyện đề THPT quốc gia 2018 môn toán', '<p>mega luyện đề THPT quốc gia 2018 m&ocirc;n to&aacute;n</p>', 25, 'wBG2LKUuPyufyCZPn4mCl661I9tOIzBCMdPQjvyx.png', 40, '2018-11-04 13:31:38', 0, 0, 1, 0, NULL, NULL),
(31, NULL, 'TIẾP CẬN 23 PHƯƠNG PHÁP GIẢI NHANH HIỆN ĐẠI HÓA HỌC', '150000', 10, 'tiếp cận 23 phương pháp giải nhanh hiện đại hóa học', '<p>tiếp cận 23 phương ph&aacute;p giải nhanh hiện đại h&oacute;a học</p>', 25, 'swcl0Mg5M4r7RRzj15NtpnXlnSjToE47PRG0tOvW.jpeg', 40, '2018-11-04 13:32:52', 0, 0, 1, 0, NULL, NULL),
(32, NULL, 'MEGA LUYỆN ĐỀ THPT QG 2018 MÔN SINH HỌC', '150000', 0, 'mega luyện đề THPT quốc gia 2018 môn sinh học', '<p>mega luyện đề THPT quốc gia 2018 m&ocirc;n sinh học</p>', 25, 'J4khw4oPIbeZIcZPb0q0pggG7a3Hxb3tEeJeQT5d.png', 40, '2018-11-04 13:33:28', 0, 0, 1, 0, NULL, NULL),
(33, NULL, 'CHIẾN THUẬT LUYỆN THI NGỮ VĂN CHUYÊN ĐỀ NGHỊ LUẬN VĂN HỌC TẬP 2', '150000', 10, 'chiến lược luyện thi ngữ văn chuyên đề nghị luận văn học tập 2', '<p>chiến lược luyện thi ngữ văn chuy&ecirc;n đề nghị luận văn học tập 2</p>', 25, 'EOzZlFDn7ymfxksZo00wxkaVHyDnLjsI30o25W6G.jpeg', 40, '2018-11-04 13:37:13', 0, 0, 1, 0, NULL, NULL),
(34, NULL, 'CHIẾN THUẬT LUYỆN THI NGỮ VĂN CHUYÊN ĐỀ NGHỊ LUẬN VĂN HỌC TẬP 1', '150000', 10, 'chiến lược luyện thi ngữ văn chuyên đề nghị luận văn học tập 1', '<p>chiến lược luyện thi ngữ văn chuy&ecirc;n đề nghị luận văn học tập 1</p>', 25, 'SV4y4T1ElXEqBwaRyHwkPXx2MypTgrKJIRxLIEl1.jpeg', 40, '2018-11-04 13:37:38', 0, 0, 1, 0, NULL, NULL),
(35, NULL, 'MEGA LUYỆN GIẢI ĐỀ TỔ KHXH TỔ HỢP  SỬ+ĐỊA+GDCD', '150000', 10, 'Mega luyện giải đề tổ hợp KHXH  sử + địa + GDCD', '<p>Mega luyện giải đề tổ hợp KHXH sử + địa + GDCD</p>', 25, 'HHOplLQ71ZNd0Ewo2Djx0Is0pVWiXBMepfIyzqPP.jpeg', 40, '2018-11-04 13:41:10', 0, 0, 1, 0, NULL, NULL),
(36, NULL, 'TỰ HỌC ĐỘT PHÁ KĨ NĂNG VIẾT LẠI CÂU TIẾNG ANH', '150000', 10, 'tự học đột phá kỹ năng viết lại câu tiếng anh', '<p>tự học đột ph&aacute; kỹ năng viết lại c&acirc;u tiếng anh</p>', 25, 'frfYHGfXa1yrpbw4pgPJ2GfBwDHMXqSlEak37FWs.jpeg', 40, '2018-11-04 13:41:43', 0, 0, 1, 0, NULL, NULL),
(37, NULL, 'BÍ QUYẾT CHINH PHỤC KĨ NĂNG VIẾT LUẬN TIẾNG ANH', '150000', 10, 'bí quyết chinh phục kỹ năng viết luận tiếng anh', '<p>b&iacute; quyết chinh phục kỹ năng viết luận tiếng anh</p>', 25, 'ycZqLlxPqszWKsEFT0VL9gZ2OfgpMxZyZWIcnDK8.jpeg', 40, '2018-11-04 13:42:28', 0, 0, 1, 0, NULL, NULL),
(38, NULL, 'BÍ QUYẾT CHINH PHỤC NGỮ PHÁP TIẾNG ANH NÂNG CAO', '150000', 10, 'bí quyết chinh phục ngữ pháp tiếng anh nâng cao', '<p>b&iacute; quyết chinh phục ngữ ph&aacute;p tiếng anh n&acirc;ng cao</p>', 25, 'PvAzle3UTKc7hj0kC6IPzwpAcwtW1ozKMuw2AAwb.jpeg', 40, '2018-11-04 13:43:44', 0, 0, 1, 0, NULL, NULL),
(39, NULL, 'BÍ QUYẾT CHINH PHỤC NGỮ PHÁP TIẾNG ANH CƠ BẢN', '150000', 10, 'bí quyết chinh phục ngữ pháp tiếng anh cơ bản', '<p>b&iacute; quyết chinh phục ngữ ph&aacute;p tiếng anh cơ bản</p>', 25, 'GjwxrxgtKL4kT9Qv6dF4SnNvTAJHk2eYVwz4Tqom.jpeg', 40, '2018-11-04 13:44:22', 0, 0, 1, 0, NULL, NULL),
(40, NULL, 'TỰ HỌC ĐỘT PHÁ CHUYÊN ĐỀ NGỮ PHÁP TIẾNG ANH', '150000', 10, 'tự học đột phá chuyên đề ngữ pháp tiếng anh', '<p>tự học đột ph&aacute; chuy&ecirc;n đề ngữ ph&aacute;p tiếng anh</p>', 25, 'qaCiEDmYIhPjAxPHoTAgYfpsFtqzpJh7EApZbyqX.jpeg', 40, '2018-11-04 13:46:25', 0, 0, 1, 0, NULL, NULL),
(41, NULL, 'TỰ HỌC ĐỘT PHÁ TRỌNG ÂM-PHÁT ÂM TIẾNG ANH', '150000', 10, 'tự học đột phá trọng âm - phát âm tiếng anh', '<p>tự học đột ph&aacute; trọng &acirc;m - ph&aacute;t &acirc;m tiếng anh</p>', 25, 'zA6KcTP53O1s4uftgtabTZ4ozDLuT9yqN4MnICTk.jpeg', 40, '2018-11-04 13:46:52', 0, 0, 1, 0, NULL, NULL),
(42, NULL, 'TỰ HỌC DỘT PHÁ CHUYÊN ĐỀ HỌC HIỂU TIẾNG ANH', '150000', 10, 'tự học đột phá chuyên đề đọc hiểu tiếng anh', '<p>tự học đột ph&aacute; chuy&ecirc;n đề đọc hiểu tiếng anh</p>', 25, 'RY3xgBrm4LH7AbjhliXaNnifDva27RO2o0zZlupS.jpeg', 40, '2018-11-04 13:47:31', 0, 0, 1, 0, NULL, NULL),
(43, NULL, 'MEGA LUYỆN ĐỀ THPT QG MÔN TIẾNG ANH 2018', '150000', 10, 'mega luyện đề thpt quốc gia môn tiếng anh 2018', '<p>mega luyện đề thpt quốc gia m&ocirc;n tiếng anh 2018</p>', 20, 'VEMZ0C04NjLO1btnRiOWhnFzMiDpdKPVYRTQZi6S.png', 40, '2018-11-04 13:48:21', 0, 0, 1, 0, NULL, NULL),
(44, NULL, 'ÔN LUYỆN THI TRẮC NGHIÊM THPT MÔN ĐỊA LÝ', '150000', 10, 'ÔN LUYỆN THI TRẮC NGHIÊM THPT MÔN ĐỊA LÝ', '<p>&Ocirc;N LUYỆN THI TRẮC NGHI&Ecirc;M THPT M&Ocirc;N ĐỊA L&Yacute;</p>', 31, 'uOIhJaULSqNLPimlRj2ptOdJ2rvZ5zcXSyZ7cZ0D.jpeg', 40, '2018-11-04 13:50:52', 0, 0, 1, 0, NULL, NULL),
(45, NULL, 'ÔN LUYỆN THI TRẮC NGHIỆM MÔN LỊCH SỬ', '150000', 10, 'ÔN LUYỆN THI TRẮC NGHIỆM MÔN LỊCH SỬ', '<p>&Ocirc;N LUYỆN THI TRẮC NGHIỆM M&Ocirc;N LỊCH SỬ</p>', 31, 'qCDiN0fc8v7CJsrDq60TzF96gKghu8W3e9T5RE9K.jpeg', 40, '2018-11-04 13:51:14', 0, 0, 1, 0, NULL, NULL),
(46, NULL, 'LÀM CHỦ MÔN TOÁN TRONG 30 NGÀY 11 ĐẠI SỐ VÀ GIẢI TÍCH TẬP 2', '150000', 10, 'Làm Chủ Môn Toán 30 ngày 11 đại số và giải tích tập 2', '<p>L&agrave;m Chủ M&ocirc;n To&aacute;n 30 ng&agrave;y 11 đại số v&agrave; giải t&iacute;ch tập 2</p>', 31, 'qI2iAg4ptyBYts0VnXJK8mnzGq7t6Br4SR54UjoG.jpeg', 40, '2018-11-04 13:51:41', 0, 0, 1, 0, NULL, NULL),
(47, NULL, 'LÀM CHỦ MÔN TOÁN TRONG 30 NGÀY - GIẢI TÍCH 12 TẬP 2', '150000', 10, 'làm chủ môn toán trong 30 ngày - giải tích 12 tập 2', '<p>l&agrave;m chủ m&ocirc;n to&aacute;n trong 30 ng&agrave;y - giải t&iacute;ch 12 tập 2</p>', 31, 'Kd4oV9VuGuysip1uO2vVcDcDgm7ZUH8u3FLzXZ59.jpeg', 40, '2018-11-04 13:53:04', 0, 0, 1, 0, NULL, NULL),
(48, NULL, 'LÀM CHỦ MÔN TOÁN TRONG 30 NGÀY - GIẢI TÍCH 12 TẬP 1', '150000', 10, 'làm chủ môn toán trong 30 ngày - giải tích 12 tập 1', '<p>l&agrave;m chủ m&ocirc;n to&aacute;n trong 30 ng&agrave;y - giải t&iacute;ch 12 tập 1</p>', 31, 'SEJQraYypgaJuF0TycsSMNiiGvYibWg6xNrBSN5t.jpeg', 40, '2018-11-04 13:53:43', 0, 0, 1, 0, NULL, NULL),
(49, NULL, 'BÍ QUYẾT 6.0 CHINH PHỤC MÔN VẬT LÝ TẬP 2', '150000', 10, 'bí quyết 6.0 chinh phục môn vật lý tập 2', '<p>b&iacute; quyết 6.0 chinh phục m&ocirc;n vật l&yacute; tập 2</p>', 31, 'yC1FmNl6B1PoPQeO2k96GGChOATzkOmsck4S8i2g.jpeg', 40, '2018-11-04 13:54:37', 0, 0, 1, 0, NULL, NULL),
(50, NULL, 'LÀM CHỦ MÔN TOÁN TRONG 30 NGÀY HÌNH HỌC 12', '150000', 10, 'làm chủ môn toán trong 30 ngày hình học 12', '<p>l&agrave;m chủ m&ocirc;n to&aacute;n trong 30 ng&agrave;y h&igrave;nh học 12</p>', 31, 'PpbesvF559zltSxpHMsiJiwZFVgelpZxWbq6fAZj.jpeg', 40, '2018-11-04 13:55:19', 0, 0, 1, 0, NULL, NULL),
(51, NULL, 'LÀM CHỦ MÔN TOÁN TRONG 30 NGÀY HÌNH HỌC 11', '150000', 10, 'làm chủ môn toán trong 30 ngày hình học 11', '<p>l&agrave;m chủ m&ocirc;n to&aacute;n trong 30 ng&agrave;y h&igrave;nh học 11</p>', 31, '7tQlqlnoiBv6dxb79IPrCF4sgLR3j2ZnS76gCJmc.jpeg', 40, '2018-11-04 13:56:35', 0, 0, 1, 0, NULL, NULL),
(52, NULL, 'BÍ QUYẾT 6.0 CHINH PHỤC MÔN VẬT LÝ TẬP 1', '150000', 10, 'bí quyết 6.0 chinh phục môn vật lý tập 1', '<p>b&iacute; quyết 6.0 chinh phục m&ocirc;n vật l&yacute; tập 1</p>', 31, 'xL0GUhd12MV0pZCm4RQLsjCyi3ilfaEBmpcQdBOH.jpeg', 40, '2018-11-04 13:57:12', 0, 0, 1, 0, NULL, NULL),
(54, NULL, 'LÀM CHỦ MÔN TOÁN TRONG 30 NGÀY ĐẠI SỐ VÀ GIẢI TÍCH - TẬP 1 LỚP 11', '150000', 10, 'làm chủ môn toán trong 30 ngày đại số và giải tích - tập 1 lớp 11', '<p>l&agrave;m chủ m&ocirc;n to&aacute;n trong 30 ng&agrave;y đại số v&agrave; giải t&iacute;ch - tập 1 lớp 11</p>', 31, 'vSxPb10KaELXb1RjMQdeOtbaDyXQuCOjjjUdsaIj.jpeg', 40, '2018-11-04 14:00:39', 0, 0, 1, 0, NULL, NULL),
(55, NULL, 'LÀM CHỦ MÔN TOÁN TRONG 30 NGÀY HÌNH HỌC 10', '150000', 10, 'làm chủ môn toán trong 30 ngày hình học 10', '<p>l&agrave;m chủ m&ocirc;n to&aacute;n trong 30 ng&agrave;y h&igrave;nh học 10</p>', 31, 'Cv3UeyFomoDYnDOjteBKnwDKBMEX7fGdohFF58f4.jpeg', 40, '2018-11-04 14:01:23', 0, 0, 1, 0, NULL, NULL),
(56, NULL, 'LÀM CHỦ MÔN TOÁN TRONG 30 NGÀY ĐẠI SỐ 10', '150000', 10, 'làm chủ môn toán trong 30 ngày đại số 10', '<p>l&agrave;m chủ m&ocirc;n to&aacute;n trong 30 ng&agrave;y đại số 10</p>', 31, '4ZOdKzZePIFiWj193TJUTnwx0kQMkPpMAyOwtoEa.jpeg', 40, '2018-11-04 14:02:05', 0, 0, 1, 0, NULL, NULL),
(57, NULL, 'PHƯƠNG PHÁP SIÊU TỐC GIẢI TRẮC NGHIỆM MÔN TOÁN', '150000', 10, 'phương pháp siêu tốc giải trắc nghiệm môn toán', '<p>phương ph&aacute;p si&ecirc;u tốc giải trắc nghiệm m&ocirc;n to&aacute;n</p>', 31, 'uYMakiHhzrgaHJNftizlgCJH5RfFA4NS1qijBBaT.jpeg', 40, '2018-11-04 14:02:53', 0, 0, 1, 0, NULL, NULL),
(58, NULL, 'PHƯƠNG PHÁP SIÊU TỐC GIẢI NHANH TRẮC NGHIỆM SINH HỌC TỰ NHIÊN TẬP 1', '150000', 10, 'phương pháp siêu tốc giải nhanh trắc nghiệm khoa học tự nhiên môn vật lý tập 1', '<p>phương ph&aacute;p si&ecirc;u tốc giải nhanh trắc nghiệm khoa học tự nhi&ecirc;n m&ocirc;n vật l&yacute; tập 1</p>', 31, 'xCABtcagXG87NJkZkEQxLjA52RWLKAiiAYqOI8xi.jpeg', 40, '2018-11-04 14:03:22', 0, 0, 1, 0, NULL, NULL),
(59, NULL, 'BÍ QUYẾT CHINH PHỤC LÝ THUYẾT SINH HỌC', '150000', 10, 'bí quyết chinh phục lý thuyết sinh học', '<p>b&iacute; quyết chinh phục l&yacute; thuyết sinh học</p>', 31, 'cg3r2qOWwQAM698DqraWwUDBP0clGjdCaMwNIjm1.jpeg', 40, '2018-11-04 14:04:02', 0, 0, 1, 0, NULL, NULL),
(60, NULL, 'PHƯƠNG PHÁP SIÊU TỐC GIẢI TRẮC NGHIỆM SINH HỌC PHẦN2', '150000', 10, 'phương pháp siêu tốc giải trắc nghiệm sinh học tập 2', '<p>phương ph&aacute;p si&ecirc;u tốc giải trắc nghiệm sinh học tập 2</p>', 31, 'IHzRQunnmk29Xt7YiiCRGHQUbWrKcqQd6wDnbe8E.jpeg', 40, '2018-11-04 14:05:02', 0, 0, 1, 0, NULL, NULL),
(61, NULL, 'PHƯƠNG PHÁP SIÊU TỐC GIẢI TRẮC NGHIỆM SINH HỌC PHẦN1', '150000', 10, 'phương pháp siêu tốc giải trắc nghiệm sinh học tập 1', '<p>phương ph&aacute;p si&ecirc;u tốc giải trắc nghiệm sinh học tập 1</p>', 31, 'oR2mE1V5pkkzludXI5YNiQvw0lEprm9riaAQnz1J.jpeg', 40, '2018-11-04 14:05:28', 0, 0, 1, 0, NULL, NULL),
(62, NULL, 'BỘ ĐỀ LUYỆN THI TRẮC NGHIỆM MÔN SINH HỌC', '150000', 10, 'bộ đề ôn luyên thi trắc nghiệm môn sinh học', '<p>bộ đề &ocirc;n luy&ecirc;n thi trắc nghiệm m&ocirc;n sinh học</p>', 31, 'kmwJhs5qTleT9xdBCHYRLccMZdJIhCtYoqZKupEq.jpeg', 40, '2018-11-04 14:06:12', 0, 0, 1, 0, NULL, NULL),
(63, NULL, 'LÀM CHỦ MÔN SINH TRONG 30 NGÀY', '150000', 10, 'làm chủ môn sinh trong 30 ngày', '<p>l&agrave;m chủ m&ocirc;n sinh trong 30 ng&agrave;y</p>', 31, 'hnzqqFtyj1NbjiJTPWdy6KfepupraCrarSeg9Yav.jpeg', 40, '2018-11-04 14:07:15', 0, 0, 1, 0, NULL, NULL),
(64, NULL, 'PHƯƠNG PHÁP SIÊU TỐC GIẢI TRẮC NGHIỆM TỰ NHIÊN MÔN HÓA HỌC PHẦN 1', '150000', 10, 'phương pháp siêu tốc giải trắc nghiệm khoa học tự nhiên môn hóa học tập 1', '<p>phương ph&aacute;p si&ecirc;u tốc giải trắc nghiệm khoa học tự nhi&ecirc;n m&ocirc;n h&oacute;a học tập 1</p>', 31, '19vtiAXgGzDZwE1Vmbb5UPpo1gL0mrvySKvVYLFM.jpeg', 40, '2018-11-04 14:07:56', 0, 0, 1, 0, NULL, NULL),
(65, NULL, 'BÍ QUYẾT CHINH PHỤC MÔN NGỮ VĂN BẰNG SƠ ĐỒ TƯ DUY', '150000', 10, 'bí quyết chinh phục môn ngữ văn bằng sơ đồ tư duy', '<p>b&iacute; quyết chinh phục m&ocirc;n ngữ văn bằng sơ đồ tư duy</p>', 31, 'CbI4YzL2wmM86z3kO9KEfRgkO5NfZZKiCxFcBnyA.jpeg', 40, '2018-11-04 14:08:40', 0, 0, 1, 0, NULL, NULL),
(68, NULL, 'COMBO CÔNG PHÁ TOÁN - LÍ - ANH', '1660000', 10, 'Với Combo Công Phá Toán - Lí - Anh các dạng bài tập các em hay gặp sẽ đều được tổng hợp lại đầy đủ, chi tiết. Các em sẽ được củng cố kiến thức của mình và trang bị cho mình vốn kiến thức cần thiết để chuẩn bị tốt cho kỳ thi THPT Quốc Gia sắp tới.', '<p>Combo C&ocirc;ng Ph&aacute; To&aacute;n - L&iacute; - Anh</p>\r\n\r\n<p>Combo C&ocirc;ng Ph&aacute; To&aacute;n (4 Quyển)&nbsp;mang đến cho qu&yacute; gi&aacute;o vi&ecirc;n, phụ huynh c&oacute; một t&agrave;i liệu tham khảo giảng dạy, nghi&ecirc;n cứu v&agrave; cho c&aacute;c sĩ tử tương lai l&agrave;m cẩm nang &ocirc;n thi cho k&igrave; thi THPT Quốc Gia 2018. Chinh phục mọi đề thi trắc nghiệm mới nhất b&aacute;m s&aacute;t hướng ra đề của cấu tr&uacute;c do Bộ GD v&agrave; ĐT đề ra khi năm nay đề thi sẽ mở rộng kiến thức cả lớp 10, 11 v&agrave; lớp 12.<br />\r\n<br />\r\n<strong>Combo c&ocirc;ng ph&aacute; vật l&iacute; 1-2-3</strong>&nbsp;sẽ gi&uacute;p c&aacute;c em nắm chắc phương ph&aacute;p giải nhanh c&aacute;c dạng c&acirc;u hỏi trắc nghiệm Vật L&iacute;, x&acirc;y dựng nền tảng vững chắc chuẩn bị cho k&igrave; thi THPT Quốc gia 2019. B&ecirc;n cạnh đ&oacute;, cuốn s&aacute;ch c&ograve;n tặng k&egrave;m t&agrave;i liệu, đề thi học k&igrave; chọn lọc để c&aacute;c em c&oacute; thể luyện tập phương ph&aacute;p l&agrave;m b&agrave;i, giải đề thi một c&aacute;ch thường xuy&ecirc;n, hiệu quả.<br />\r\n<br />\r\n<strong>Combo c&ocirc;ng ph&aacute; tiếng anh 1-2-3</strong>&nbsp;l&agrave; một trong những cuốn<a href="https://newshop.vn/anh-van">&nbsp;</a><a href="https://newshop.vn/anh-van">s&aacute;ch luyện&nbsp;thi&nbsp;THPT Quốc Gia</a><a href="https://newshop.vn/anh-van">&nbsp;m&ocirc;n tiếng anh</a>&nbsp;hay nhất năm 2019&nbsp;,&nbsp;cuốn s&aacute;ch ho&agrave;n thiện tập hợp đầy đủ kiến thức m&ocirc;n Tiếng Anh&nbsp;lớp 10, 11 v&agrave; 12,&nbsp;sẽ hệ thống chương tr&igrave;nh m&ocirc;n&nbsp;Tiếng Anh, tất cả những vấn đề sẽ đều được giải đ&aacute;p, c&aacute;c em sẽ được củng cố kiến thức của m&igrave;nh v&agrave; trang bị cho m&igrave;nh vốn kiến thức cần thiết để chuẩn bị tốt cho kỳ thi&nbsp;THPT Quốc Gia&nbsp;sắp tới.&nbsp;<br />\r\n<br />\r\n&nbsp;</p>', 35, 'da3lUyqCamvseeQPNJ26ltV9gmTLGMiTaV7pIXmU.png', 40, '2018-11-12 18:19:10', 0, 0, 1, 0, NULL, NULL),
(69, NULL, 'SỬ DỤNG MÁY TÍNH CASIO GIẢI ĐỀ TRẮC NGHIỆM VÀ TOÁN THỰC TẾ LỚP 12 VÀ TUYỂN SINH ĐẠI HỌC', '200000', 10, 'Danh mục: Sách Tham Khảo Cấp 1, 2, 3 | Sách Lớp 12 | Sách Luyện Thi THPT Quốc Gia, Đại Học, Cao Đẳng | Sách Luyện Thi Toán\r\nSử Dụng Máy Tính CASIO Giải Đề Trắc Nghiệm Và Toán Thực Tế Lớp 12 Và Tuyển Sinh Đại Học sẽ giúp các em làm bài thi một cách nhanh nhất và chính xác nhất.', '<p><strong>Sử dụng m&aacute;y t&iacute;nh CASIO giải đề trắc nghiệm &amp;<br />\r\nTo&aacute;n thực&nbsp;tế lớp 12 &amp; Tuyển sinh đại học</strong></p>\r\n\r\n<p>Năm học 2018-2019, Bộ Gi&aacute;o dục v&agrave; Đ&agrave;o tạo sẽ tiếp tục ho&agrave;n thiện kỳ thi tốt nghiệp trung học phổ th&ocirc;ng Quốc gia. Ở m&ocirc;n To&aacute;n, đề thi sẽ được ra dưới h&igrave;nh thức c&aacute;c c&acirc;u hỏi trắc nghiệm nhiều lựa chọn. Về nội dung, kiến thức sẽ bao gồm chương tr&igrave;nh của cả 3 lớp Trung học phổ th&ocirc;ng: 10, 11, 12. Với thời gian l&agrave;m b&agrave;i giới hạn, đ&acirc;y l&agrave; một th&aacute;ch thức kh&ocirc;ng nhỏ đối với c&aacute;c th&iacute; sinh. Để đạt được kết quả tốt trong kỳ thi, ngo&agrave;i việc nắm vững kiến thức, c&aacute;c em cần giải nhanh v&agrave; ch&iacute;nh x&aacute;c c&aacute;c c&acirc;u trắc nghiệm.<br />\r\n<br />\r\nNhằm gi&uacute;p c&aacute;c em học sinh đạt kết quả tốt trong kỳ thi tốt nghiệp trung học phổ th&ocirc;ng Quốc gia năm học 2018-2019, &ldquo;<strong>Sử dụng m&aacute;y t&iacute;nh CASIO giải đề trắc nghiệm &amp; To&aacute;n thực tế lớp 12 &amp; Tuyển sinh đại học</strong>&rdquo; l&agrave; cuốn&nbsp;<a href="https://newshop.vn/lop-12"><strong>s&aacute;ch tham khảo lớp 12</strong></a>&nbsp;sẽ gi&uacute;p c&aacute;c em l&agrave;m b&agrave;i thi một c&aacute;ch nhanh nhất v&agrave; ch&iacute;nh x&aacute;c nhất. S&aacute;ch được chia l&agrave;m 2 phần:<br />\r\n<br />\r\nPhần 1. L&yacute; thuyết v&agrave; b&agrave;i tập<br />\r\n<br />\r\nPhần 2. Một số đề tham khảo</p>\r\n\r\n<ul>\r\n	<li>C&aacute;c đề kiểm tra học k&igrave; 1</li>\r\n	<li>C&aacute;c đề kiểm tra học k&igrave; 2</li>\r\n	<li>C&aacute;c đề thi thử THPT Quốc gia</li>\r\n</ul>', 35, 'oeyj00EYAEPBnQGdJuogDRDYxMn8WUxYaaobR9yW.jpeg', 40, '2018-11-12 18:20:55', 0, 0, 1, 0, NULL, NULL),
(70, NULL, 'COMBO CÔNG PHÁ TIẾNG ANH 1-2-3', '477000', 10, 'Combo Công Phá Tiếng Anh 1-2-3 sẽ đồng hành cùng các em trong kì thi THPT quốc gia và sẽ là trợ thủ đắc lực giúp các em đat được điểm số môn Anh Văn như mong đợi', '<p>Combo C&ocirc;ng Ph&aacute; Tiếng Anh 1-2-3&nbsp;l&agrave; một trong những cuốn&nbsp;<a href="https://newshop.vn/anh-van">s&aacute;ch luyện&nbsp;thi&nbsp;THPT Quốc Gia</a>&nbsp;hay nhất năm 2019&nbsp;,&nbsp;cuốn s&aacute;ch ho&agrave;n thiện tập hợp đầy đủ kiến thức m&ocirc;n Tiếng Anh&nbsp;lớp 10, 11 v&agrave; 12 do nh&agrave; s&aacute;ch&nbsp;Love Book&nbsp;ph&aacute;t h&agrave;nh.&nbsp;<br />\r\n<br />\r\n<strong>Combo&nbsp;</strong><strong>C&ocirc;ng Ph&aacute; Tiếng Anh 1-2-3</strong>&nbsp;sẽ hệ thống chương tr&igrave;nh m&ocirc;n&nbsp;Tiếng Anh, tất cả những vấn đề sẽ đều được giải đ&aacute;p, c&aacute;c em sẽ được củng cố kiến thức của m&igrave;nh v&agrave; trang bị cho m&igrave;nh vốn kiến thức cần thiết để chuẩn bị tốt cho kỳ thi&nbsp;THPT Quốc Gia&nbsp;sắp tới.&nbsp;<br />\r\n<br />\r\nSo với c&aacute;c s&aacute;ch luyện thi Tiếng Anh&nbsp;từ năm học trước, cuốn&nbsp;C&ocirc;ng Ph&aacute; Tiếng Anh 1-2-3&nbsp;năm nay đ&atilde; c&oacute; nhiều thay đổi với những n&eacute;t nổi bật sau:</p>\r\n\r\n<p>-&nbsp;To&agrave;n bộ những nội dung cần thiết của&nbsp;lớp 10, 11 v&agrave; 12&nbsp;c&oacute; thể xuất hiện trong đề của BGD 2018, 2019 đều được cập nhật đầy đủ.</p>\r\n\r\n<p>- Đưa hệ thống gửi t&agrave;i liệu, đ&aacute;p &aacute;n chi tiết v&agrave;o hoạt động. Ngo&agrave;i đ&aacute;p &aacute;n chi tiết c&aacute;c b&agrave;i tập trong s&aacute;ch,&nbsp;C&ocirc;ng Ph&aacute; Tiếng Anh 1-2-3&nbsp;c&ograve;n được bổ sung rất nhiều t&agrave;i liệu v&agrave; đề thi thử chọn lọc c&aacute;c trường để học sinh c&oacute; thể tham khảo th&ecirc;m.</p>\r\n\r\n<p>- Cuốn&nbsp;s&aacute;ch ch&uacute; trọng nhiều hơn những kiến thức, l&iacute; thuyết quan trọng. Lần đầu ti&ecirc;n, s&aacute;ch được tr&igrave;nh b&agrave;y những nội dụng quan trọng ra lề tr&aacute;i để c&aacute;c bạn học sinh c&oacute; thể dễ d&agrave;ng ghi nhớ những kiến thức quan trọng s&acirc;u trong t&acirc;m tr&iacute;.<br />\r\n&nbsp;</p>\r\n\r\n<p>&nbsp;</p>', 35, 'hvtYCORtXUTZHvaBekUFIZZL2f4iIEwczqtMWHSr.png', 40, '2018-11-12 18:23:12', 0, 0, 1, 0, NULL, NULL),
(71, NULL, '(COMBO 4 CUỐN) ĐỘT PHÁ 8+ MÔN NGỮ VĂN; ĐỘT PHÁ 8+ MÔN TOÁN (ĐẠI SỐ VÀ HÌNH HỌC); EASY 5 (KHỐI D)', '765000', 10, '(COMBO 4 Cuốn) Đột Phá 8+ Kì Thi THPT Quốc Gia Môn Ngữ Văn; Đột phá 8+: Kì thi THPT Quốc Gia- Môn Toán - Đại Số Và Hình Học; Easy 5 - Nắm Trọn Điểm 5 Trong 7 Tuần Kỳ Thi THPT Quốc Gia', '<p>&nbsp;</p>\r\n\r\n<p>&nbsp;<strong>Đột Ph&aacute; 8+ M&ocirc;n Ngữ Văn;&nbsp; Đột ph&aacute; 8+ M&ocirc;n To&aacute;n - Đại Số V&agrave; H&igrave;nh Học; Easy 5&nbsp;<br />\r\n(COMBO 4 Cuốn)</strong><br />\r\n<br />\r\n<img alt="" src="https://newshop.vn/public/uploads/Anh_1/combo_4_cuon.png" /><br />\r\n<br />\r\n&nbsp;</p>\r\n\r\n<p>Đột Ph&aacute; 8+: K&igrave; Thi THPT Quốc Gia - M&ocirc;n To&aacute;n (2 cuốn) Đại Số V&agrave; H&igrave;nh Học.<br />\r\n<br />\r\nĐ&acirc;y l&agrave; cuốn&nbsp;<a href="https://newshop.vn/luyen-thi-dh-cd"><strong>s&aacute;ch luy&ecirc;n thi THPT Quốc Gia</strong></a>&nbsp;.Bao gồm kiến thức&nbsp;3 lớp 10, 11, 12 với:<br />\r\n- L&iacute; thuyết trọng t&acirc;m: Tr&igrave;nh b&agrave;y chi tiết, đầy đủ những kiến thức trong t&acirc;m về H&igrave;nh học kh&ocirc;ng gian, h&igrave;nh học phẳng. Tổng hợp c&aacute;c c&ocirc;ng thức t&iacute;nh nhanh thể t&iacute;ch khối đa diện, diện t&iacute;ch, chiều cao h&igrave;nh đặc biệt&hellip;<br />\r\n- C&aacute;c dạng b&agrave;i tập: chia th&agrave;nh c&aacute;c dạng b&agrave;i tập nhỏ. Ứng với mỗi dạng b&agrave;i sẽ c&oacute; hướng dẫn giải cụ thể v&agrave; k&egrave;m theo c&aacute;c v&iacute; dụ minh họa. Ph&acirc;n t&iacute;ch dạng b&agrave;i từ những giả thuyết c&oacute; sẵn gi&uacute;p r&egrave;n tư duy logic cho học sinh.<br />\r\n- Sau mỗi v&iacute; dụ minh họa l&agrave; c&aacute;c lưu &yacute; cho học sinh khi giải b&agrave;i tập. C&aacute;c em sẽ được hướng dẫn c&aacute;ch nh&igrave;n h&igrave;nh nhanh, &aacute;p dụng những định l&yacute; h&igrave;nh học linh hoạt để l&agrave;m b&agrave;i.<br />\r\nC&aacute;c em học sinh c&ograve;n được l&agrave;m th&ecirc;m c&aacute;c b&agrave;i tập tự luyện ngay sau đ&oacute; k&egrave;m lời giải chi tiết trong hệ thống CCtest.<br />\r\n<br />\r\nĐột ph&aacute; 8+ k&igrave; thi THPT Quốc gia m&ocirc;n Ngữ Văn&nbsp;l&agrave; sản phẩm của đội ngũ gi&aacute;o vi&ecirc;n đầy nhiệt huyết của&nbsp;<strong><a href="https://newshop.vn/nha-san-xuat/ccbook-85.html">CCBook</a></strong>. Với mong muốn hỗ trợ học sinh &ocirc;n thi THPT đạt điểm số m&ocirc;n Ngữ Văn cao nhất trong kỳ thi THPT Quốc gia năm 2019.<br />\r\n<br />\r\nTrọng t&acirc;m kiến thức cuốn s&aacute;ch được bố cục th&agrave;nh 3 chuy&ecirc;n đề tương ứng với bố cục trong đề thi THPTQG bao gồm: Đọc hiểu; Nghị luận x&atilde; hội v&agrave; Nghị luận văn học.Kiến thức lớp 12 được tr&igrave;nh b&agrave;y chi tiết, tỉ mỉ theo m&ocirc; h&igrave;nh sơ đồ tư duy, gợi &yacute; Đọc hiểu v&agrave; B&agrave;i viết tham khảo.Chương tr&igrave;nh lớp 10 v&agrave; lớp 11 tr&igrave;nh b&agrave;y c&ocirc; đọng những kiến thức trọng t&acirc;m theo thể loại v&agrave; theo chủ đề.<br />\r\n<br />\r\nCấu tr&uacute;c&nbsp; cuốn s&aacute;ch :</p>\r\n\r\n<ol>\r\n	<li>Chuy&ecirc;n đề Đọc hiểu:</li>\r\n	<li>Chuy&ecirc;n đề Nghị luận x&atilde; hội:</li>\r\n	<li>Chuy&ecirc;n đề Nghị luận văn học</li>\r\n</ol>\r\n\r\n<p dir="ltr"><strong>Easy 5 - Nắm Trọn Điểm 5 Trong 7 Tuần</strong>&nbsp;l&agrave; &ldquo;phao cứu điểm&rdquo; cho những bạn bị MẤT GỐC hoặc KH&Ocirc;NG C&Oacute; GỐC&nbsp;<strong>tiếng Anh</strong>, muốn đạt &iacute;t nhất 5 điểm trong k&igrave; thi THPTQG. Cuốn s&aacute;ch sẽ gi&uacute;p c&aacute;c bạn mất gốc, lấy lại gốc si&ecirc;u tốc. Từ level dốt nhất cũng &ldquo;c&aacute;n mốc&rdquo; điểm 5 trong 7 tuần.</p>\r\n\r\n<p dir="ltr">Bởi v&igrave; &ldquo;si&ecirc;u phẩm&rdquo; Easy 5 mang trong m&igrave;nh những ưu điểm vượt trội, độc đ&aacute;o, c&oacute; 1-0-2:</p>\r\n\r\n<p dir="ltr">- S&aacute;ch hệ thống to&agrave;n bộ c&aacute;c kiến thức, c&aacute;c dạng b&agrave;i tập Tiếng anh cơ bản, trọng t&acirc;m nhất của cả 3 lớp 10, 11, 12 gi&uacute;p em nắm chắc, l&agrave;m thuần thục được c&aacute;c c&acirc;u hỏi chiếm số lượng nhiều nhất trong đề thi.</p>\r\n\r\n<p dir="ltr"><img src="https://lh3.googleusercontent.com/mBGPzd9khKHyqSjZxaeNblKaas6rAllj2xYof7QKK5eSHScHXMcAJ4k8DdO1syAlbooY3Y61YORkeIF74XZWXOV3CRpX1c_qA48yA2CU6cjffXsoKeFJvwqXsGs6cSgh_MZfJaN7M8ybMjVd4Q" style="height:744px; width:591px" /></p>\r\n\r\n<p dir="ltr"><em>Cuốn s&aacute;ch hệ thống đủ Tiếng anh cơ bản của cả 3 lớp 10, 11, 12</em></p>\r\n\r\n<p dir="ltr">- S&aacute;ch c&oacute; lộ tr&igrave;nh học cụ thể theo ng&agrave;y, theo tuần. Mỗi ng&agrave;y chỉ cần bỏ ra từ 30 ph&uacute;t đến 1h học. Em chỉ cần mở s&aacute;ch ra v&agrave; học theo nội dung đ&atilde; được soạn sẵn.&nbsp;Đảm bảo em sẽ tự tin đạt &iacute;t nhất 5 điểm tiếng anh sau 7 tuần học.</p>\r\n\r\n<p dir="ltr"><img src="data:image/gif;base64,R0lGODlhAQABAIAAAP///wAAACH5BAEAAAAALAAAAAABAAEAAAICRAEAOw==" style="height:725px; width:624px" /></p>\r\n\r\n<p dir="ltr"><em>C&oacute; lộ tr&igrave;nh học theo ng&agrave;y, theo tuần. Mỗi ng&agrave;y 1h học trong 7 tuần</em></p>\r\n\r\n<p dir="ltr">- Kiến thức được tr&igrave;nh b&agrave;y theo lộ tr&igrave;nh với mức độ kh&oacute; tăng dần để em tiếp cận kiến thức tự nhi&ecirc;n, tr&aacute;nh bị qu&aacute; tải, mệt mỏi như việc tr&igrave;nh b&agrave;y ngữ ph&aacute;p theo chủ điểm so với những cuốn s&aacute;ch th&ocirc;ng thường kh&aacute;c.</p>\r\n\r\n<p dir="ltr"><img src="data:image/gif;base64,R0lGODlhAQABAIAAAP///wAAACH5BAEAAAAALAAAAAABAAEAAAICRAEAOw==" style="height:718px; width:619px" /></p>\r\n\r\n<p dir="ltr"><em>V&iacute; dụ chủ điểm ngữ ph&aacute;p c&oacute; 12 th&igrave; tiếng Anh, nhưng thay v&igrave; đưa ra hết kiến thức trong 1 ng&agrave;y. Easy 5 chia nhỏ n&oacute; ra v&agrave; cho v&agrave;o c&aacute;c ng&agrave;y kh&aacute;c nhau.</em></p>\r\n\r\n<p dir="ltr">- To&agrave;n bộ cấu tr&uacute;c ngữ ph&aacute;p được sơ đồ h&oacute;a gi&uacute;p em nhớ nhanh hiểu s&acirc;u cho d&ugrave; đ&oacute; l&agrave; cấu tr&uacute;c d&agrave;i hay phức tạp. D&ugrave; đang kh&ocirc;ng biết g&igrave; về tiếng Anh vẫn c&oacute; thể nhớ được ngay 60-85 % kiến thức ở lần đọc đầu ti&ecirc;n.</p>\r\n\r\n<p dir="ltr"><img src="data:image/gif;base64,R0lGODlhAQABAIAAAP///wAAACH5BAEAAAAALAAAAAABAAEAAAICRAEAOw==" style="height:808px; width:624px" /></p>\r\n\r\n<p dir="ltr"><em>To&agrave;n bộ cấu tr&uacute;c ngữ ph&aacute;p được sơ đồ h&oacute;a gi&uacute;p em nhớ nhanh hiểu s&acirc;u</em></p>\r\n\r\n<p dir="ltr">- Đặc biệt, b&ecirc;n cạnh việc học ngữ ph&aacute;p, s&aacute;ch c&ograve;n đưa v&agrave;o 1 lượng từ vựng thường gặp trong đề thi THPT Quốc gia một c&aacute;ch tự nhi&ecirc;n, ph&ugrave; hợp với b&agrave;i, để gi&uacute;p c&aacute;c em tiếp nhận tự nhi&ecirc;n, n&acirc;ng cao vốn từ vựng v&agrave; khả năng đọc hiểu.</p>\r\n\r\n<p dir="ltr"><img src="data:image/gif;base64,R0lGODlhAQABAIAAAP///wAAACH5BAEAAAAALAAAAAABAAEAAAICRAEAOw==" style="height:756px; width:624px" /></p>\r\n\r\n<p dir="ltr">- 100% v&iacute; dụ minh họa v&agrave; c&acirc;u hỏi trắc nghiệm c&oacute; dịch nghĩa đ&aacute;p &aacute;n, giải th&iacute;ch cặn kẽ, tại sao đ&uacute;ng, tại sao sai, d&ugrave; em kh&ocirc;ng biết g&igrave; về tiếng Anh vẫn hiểu được v&agrave; tự học &ldquo;ngon l&agrave;nh&rdquo;.</p>\r\n\r\n<p dir="ltr"><img src="data:image/gif;base64,R0lGODlhAQABAIAAAP///wAAACH5BAEAAAAALAAAAAABAAEAAAICRAEAOw==" style="height:743px; width:591px" /></p>\r\n\r\n<p dir="ltr"><em>100% v&iacute; dụ minh họa v&agrave; c&acirc;u hỏi trắc nghiệm c&oacute; dịch nghĩa &nbsp;v&agrave; giải th&iacute;ch chi tiết</em></p>\r\n\r\n<p dir="ltr">- Kết th&uacute;c mỗi tuần học sẽ c&oacute; b&agrave;i test để em hệ thống lại kiến thức m&igrave;nh đ&atilde; học trước đ&oacute; v&agrave; l&agrave;m quen với đề. B&agrave;i test sẽ c&oacute; 50 c&acirc;u, trong thời gian l&agrave;m b&agrave;i 60 ph&uacute;t, giống như một đề thi thật THPTQG để c&aacute;c em l&agrave;m quen với &aacute;p lực thời gian.</p>\r\n\r\n<p dir="ltr"><img src="data:image/gif;base64,R0lGODlhAQABAIAAAP///wAAACH5BAEAAAAALAAAAAABAAEAAAICRAEAOw==" style="height:744px; width:595px" /></p>\r\n\r\n<p dir="ltr"><em>C&oacute; b&agrave;i test h&agrave;ng tuần để em kiểm tra kiến thức trước đ&oacute; v&agrave; l&agrave;m quen với đề</em></p>\r\n\r\n<p dir="ltr">Đặc biệt, khi mua s&aacute;ch c&aacute;c em c&ograve;n nhận được bộ qu&agrave; tặng độc quyền từ CCBook hỗ trợ tối đa qu&aacute; tr&igrave;nh học:</p>\r\n\r\n<p dir="ltr">- Hệ thống video b&agrave;i giảng bổ trợ k&egrave;m s&aacute;ch giải th&iacute;ch kiến thức, c&aacute;c dạng b&agrave;i tập kh&oacute; thường c&oacute; trong đề thi Đại học từ &ldquo;gốc đến ngọn&rdquo; để bạn n&agrave;o cũng c&oacute; thể hiểu được.</p>\r\n\r\n<p dir="ltr"><img src="data:image/gif;base64,R0lGODlhAQABAIAAAP///wAAACH5BAEAAAAALAAAAAABAAEAAAICRAEAOw==" style="height:346px; width:552px" /></p>\r\n\r\n<p dir="ltr"><em>Tr&iacute;ch một video ph&acirc;n biệt mạo từ a, an trong hệ thống video b&agrave;i giảng k&egrave;m s&aacute;ch Easy 5</em></p>\r\n\r\n<p dir="ltr">- Quyền tham gia nh&oacute;m giải đ&aacute;p học tập 24/7 do t&aacute;c giả viết s&aacute;ch trực tiếp giảng giải tận t&igrave;nh, đến khi n&agrave;o em hiểu th&igrave; th&ocirc;i.</p>\r\n\r\n<p dir="ltr"><img src="data:image/gif;base64,R0lGODlhAQABAIAAAP///wAAACH5BAEAAAAALAAAAAABAAEAAAICRAEAOw==" style="height:388px; width:624px" /></p>\r\n\r\n<p dir="ltr"><em>Nh&oacute;m giải đ&aacute;p học tập tr&ecirc;n Facebook m&ocirc;n Tiếng Anh</em></p>\r\n\r\n<p dir="ltr">Phản hồi của c&aacute;c bạn học sinh về bộ s&aacute;ch đang &ldquo;l&agrave;m mưa, l&agrave;m gi&oacute;&rdquo; suốt những ng&agrave;y qua:</p>\r\n\r\n<p dir="ltr">Bạn c&oacute; nick FB Trịnh Nhi:&ldquo;Em thấy t&agrave;i liệu rất hay hữu &iacute;ch cho những bạn bị mất gốc tiếng anh v&agrave; muốn học lại,<br />\r\n- C&aacute;ch tr&igrave;nh b&agrave;y cấu tr&uacute;c, ngữ ph&aacute;p r&otilde; r&agrave;ng chi tiết, c&oacute; từng v&iacute; dụ &aacute;p dụng cho c&aacute;c trường hợp.<br />\r\n- b&agrave;i tập b&aacute;m s&aacute;t nột dung.<br />\r\n- Những trường hợp đặc biệt của b&agrave;i học được n&ecirc;u ra cụ thể.<br />\r\n- b&ecirc;n cạnh đ&oacute;, việc dịch lu&ocirc;n những c&acirc;u từ l&agrave;m người học hiểu ra bản chất cũng như l&agrave;m tăng th&ecirc;m vốn từ vựng.<br />\r\n- Lượng kiến thức của b&agrave;i vừa phải, dễ học v&agrave; ghi nhớ&rdquo;.</p>\r\n\r\n<p dir="ltr">Bạn c&oacute; nick FB Thủy Ti&ecirc;n: &ldquo;Rất th&uacute; vị, l&iacute; thuyết kh&aacute; l&agrave; dễ hiểu c&ograve;n c&oacute; phần dịch từ v&agrave; c&oacute; th&ecirc;m những từ thường gặp nhờ đ&oacute; m&agrave; e đ&atilde; bổ sung được một vốn từ vựng, kiến thức cho từng ng&agrave;y cũng rất vừa phải ko wa nh&igrave;u cũng kh&ocirc;ng wa &iacute;t, mỗi ng&agrave;y học một &iacute;t kiến thức mới được sắp xếp từ dễ đến kh&oacute;, n&ecirc;n rất dễ hỉu<br />\r\nB&agrave;i tập vận dụng b&aacute;m rất s&aacute;t v&agrave;o phần l&iacute; thuyết n&ecirc;n l&agrave;m rất dễ, sau khi l&agrave;m cũng c&oacute; thể kỉểm tra đ&aacute;p &aacute;n n&ecirc;n rất tiện<br />\r\nS&aacute;ch c&oacute; những h&igrave;nh ảnh minh họa, m&agrave;u sắc, v&agrave; cả c&aacute;ch bố tr&iacute; tr&igrave;nh b&agrave;y rất khoa học<br />\r\nEm đ&atilde; chờ đợi của sự ra mắt 1 quyển s&aacute;ch thế n&agrave;y l&acirc;u lắm rồi&rdquo;.</p>\r\n\r\n<p dir="ltr">Chỉ với 1 cuốn s&aacute;ch duy nhất, để gi&uacute;p em lấp đầy &ldquo;lỗ hổng&rdquo; về từ vựng v&agrave; ngữ ph&aacute;p. Tạm biệt m&atilde;i m&atilde;i nỗi trăn trở, &aacute;p lực v&igrave; mất gốc tiếng Anh suốt 12 năm qua. Tạo n&ecirc;n &ldquo;c&uacute; nhảy vọt&rdquo; thần tốc từ 0 =&gt; 5 điểm tiếng Anh thi THPTQG chỉ trong 7 tuần &ldquo;nh&agrave;n nh&atilde;&rdquo;.</p>\r\n\r\n<p dir="ltr">Lấy gốc si&ecirc;u tốc kiến thức tiếng Anh chỉ với 1 cuốn s&aacute;ch, tại sao em kh&ocirc;ng sở hữu ngay?</p>\r\n\r\n<p>&nbsp;</p>\r\n\r\n<p>&nbsp;</p>', 35, 'YWXPlhauPvHX04CfAg7VuKBkWxKKLTyWaBZvqGmH.png', 40, '2018-11-12 18:24:46', 0, 0, 1, 0, NULL, NULL),
(72, NULL, 'COMBO ÔN LUYỆN ĐỀ THI MẪU TRUNG HỌC PHỔ THÔNG QUỐC GIA 2019 TOÁN - LÍ - ANH', '402000', 10, 'Combo Ôn Luyện Đề Thi Mẫu Trung Học Phổ Thông Quốc Gia 2019 Toán - Lí - Anh được biên soạn với những nội dung kiến thức từ cơ bản đến nâng cao nhằm giúp các em bồi dưỡng, ôn tập lý thuyết và thực hành các đề thi mẫu để chuẩn bị cho kì thi THPT Quốc gia sắp tới.', '<p>&nbsp;</p>\r\n\r\n<p><strong>Combo &Ocirc;n Luyện Đề Thi Mẫu Trung Học Phổ Th&ocirc;ng Quốc Gia 2019</strong></p>\r\n\r\n<p><strong>To&aacute;n - L&iacute; - Anh</strong><br />\r\n&nbsp;</p>\r\n\r\n<p>&nbsp;</p>\r\n\r\n<p>Bộ Combo n&agrave;y gồm 3 cuốn:<br />\r\n<br />\r\nBộ 3 cuốn s&aacute;ch được bi&ecirc;n soạn với những nội dung kiến thức từ cơ bản đến n&acirc;ng cao nhằm gi&uacute;p c&aacute;c em bồi dưỡng, &ocirc;n tập l&yacute; thuyết v&agrave; thực h&agrave;nh c&aacute;c đề thi mẫu để chuẩn bị cho k&igrave; thi THPT Quốc gia sắp tới.</p>\r\n\r\n<p><br />\r\n<br />\r\n<img alt="" src="https://newshop.vn/public/uploads/content/combo-luy%E1%BB%87n-thi-thptqg-To%C3%A1n-l%C3%AD-anh-2.jpg" /><br />\r\n<br />\r\n&nbsp;</p>\r\n\r\n<p>Nội dung của mỗi cuốn s&aacute;ch n&agrave;y bao gồm:&nbsp;<br />\r\n&bull;&nbsp; 15 đề chuẩn theo cấu tr&uacute;c của Bộ Gi&aacute;o dục&nbsp;<br />\r\n&bull;&nbsp; Trong mỗi đề đều c&oacute; nội dung kiến thức của cả 3 khối 10, 11, 12.&nbsp;<br />\r\n&bull;&nbsp; Trong mỗi đề đều c&oacute; lời giải rất chi tiết, c&aacute;ch ph&acirc;n t&iacute;ch s&acirc;u sắc, bổ sung kiến thức, c&oacute; nhiều b&agrave;i to&aacute;n hay, lạ v&agrave; kh&oacute;.<br />\r\n<br />\r\nBộ 3 cuốn s&aacute;ch n&agrave;y rất bổ &iacute;ch v&agrave; cần thiết đối với c&aacute;c em.<br />\r\n<br />\r\nMong rằng c&aacute;c em sẽ c&oacute; một k&igrave; thi thật th&agrave;nh c&ocirc;ng</p>', 35, '06X3v7KTlmoxoOHTvegM94LeR0kTABacnx72s0y1.jpeg', 40, '2018-11-12 18:27:52', 0, 0, 1, 0, NULL, NULL),
(73, NULL, 'COMBO ÔN LUYỆN ĐỀ THI MẪU THPT QUỐC GIA 2019 VĂN - SỬ - ĐỊA', '372000', 10, 'Combo Ôn Luyện Đề Thi Mẫu THPT Quốc Gia 2019 Văn - Sử - Địa là trợ thủ đắc lực sẽ đồng hành cùng các em trong suốt quá trình luyện thi THPT quốc gia, giúp các em có thể chinh phục được kì thi với điểm số mà các em mong đợi', '<p><strong>Combo &Ocirc;n Luyện Đề Thi Mẫu THPT Quốc Gia 2019 Văn - Sử - Địa</strong></p>\r\n\r\n<p><img alt="Combo Ôn Luyện Đề Thi Mẫu THPT Quốc Gia 2019 Văn - Sử - Địa" src="https://newshop.vn/public/uploads/content/Combo%20%C3%94n%20Luy%E1%BB%87n%20%C4%90%E1%BB%81%20Thi%20M%E1%BA%ABu%20THPT%20Qu%E1%BB%91c%20Gia%202019%20V%C4%83n%20-%20S%E1%BB%AD%20-%20%C4%90%E1%BB%8Ba.png" /></p>\r\n\r\n<p><strong>Combo &Ocirc;n Luyện Đề Thi Mẫu THPT Quốc Gia 2019 Văn - Sử - Địa</strong>&nbsp;thuộc&nbsp;<a href="https://newshop.vn/luyen-thi-dh-cd"><strong>s&aacute;ch luyện thi THPT quốc gia 2019</strong></a>&nbsp;sẽ&nbsp;&nbsp;l&agrave; trợ thủ đắc lực sẽ đồng h&agrave;nh c&ugrave;ng c&aacute;c em trong suốt qu&aacute; tr&igrave;nh luyện thi THPT quốc gia, gi&uacute;p c&aacute;c em c&oacute; thể chinh phục được k&igrave; thi với điểm số m&agrave; c&aacute;c em mong đợi</p>', 35, '4DDfPvJ4aXC8IQsJkgdzcgUflBU8yjc33EddsLXK.png', 40, '2018-11-12 18:29:35', 0, 0, 1, 0, NULL, NULL),
(74, NULL, 'COMBO ÔN LUYỆN ĐỀ THI MẪU TRUNG HỌC PHỔ THÔNG QUỐC GIA 2019 TOÁN - VĂN - SỬ', '382000', 10, 'Combo Ôn Luyện Đề Thi Mẫu Trung Học Phổ Thông Quốc Gia 2019 Toán - Văn - Sử được biên soạn với những nội dung kiến thức từ cơ bản đến nâng cao nhằm giúp các em bồi dưỡng, ôn tập lý thuyết và thực hành các đề thi mẫu để chuẩn bị cho kì thi THPT Quốc gia sắp tới.', '<p><strong>Combo &Ocirc;n Luyện Đề Thi Mẫu Trung Học Phổ Th&ocirc;ng Quốc Gia 2019</strong></p>\r\n\r\n<p><strong>To&aacute;n - Văn - Sử</strong><br />\r\n&nbsp;</p>\r\n\r\n<p>&nbsp;</p>\r\n\r\n<p>Bộ Combo n&agrave;y gồm 3 cuốn:<br />\r\n<br />\r\nBộ 3 cuốn s&aacute;ch được bi&ecirc;n soạn với những nội dun<img alt="enlightened" src="https://newshop.vn/public/assets/global/plugins/ckeditor/plugins/smiley/images/lightbulb.png" style="height:23px; width:23px" title="enlightened" />g kiến thức từ cơ bản đến n&acirc;ng cao nhằm gi&uacute;p c&aacute;c em bồi dưỡng, &ocirc;n tập l&yacute; thuyết v&agrave; thực h&agrave;nh c&aacute;c đề thi mẫu để chuẩn bị cho k&igrave; thi THPT Quốc gia sắp tới.</p>\r\n\r\n<p><br />\r\n<br />\r\n<img alt="" src="https://newshop.vn/public/uploads/content/combo-to%C3%A1n-v%C4%83n-s%E1%BB%AD-2.jpg" /><br />\r\n<br />\r\n&nbsp;</p>\r\n\r\n<p>Nội dung của mỗi cuốn s&aacute;ch n&agrave;y bao gồm:&nbsp;<br />\r\n&bull;&nbsp; 15 đề chuẩn theo cấu tr&uacute;c của Bộ Gi&aacute;o dục&nbsp;<br />\r\n&bull;&nbsp; Trong mỗi đề đều c&oacute; nội dung kiến thức của cả 3 khối 10, 11, 12.&nbsp;<br />\r\n&bull;&nbsp; Trong mỗi đề đều c&oacute; lời giải rất chi tiết, c&aacute;ch ph&acirc;n t&iacute;ch s&acirc;u sắc, bổ sung kiến thức, c&oacute; nhiều b&agrave;i to&aacute;n hay, lạ v&agrave; kh&oacute;.<br />\r\n<br />\r\nBộ 3 cuốn s&aacute;ch n&agrave;y rất bổ &iacute;ch v&agrave; cần thiết đối với c&aacute;c em.<br />\r\n<br />\r\nMong rằng c&aacute;c em sẽ c&oacute; một k&igrave; thi thật th&agrave;nh c&ocirc;ng!</p>', 35, '1RWfOOagWK291hSH0tjKab0tSHVrKDsZVgCBnf2W.jpeg', 40, '2018-11-12 18:31:01', 0, 0, 1, 0, NULL, NULL),
(75, NULL, 'COMBO ÔN LUYỆN ĐỀ THI MẪU THPT QUỐC GIA 2019 TOÁN - VĂN - ANH', '294000', 10, 'Combo Ôn Luyện Đề Thi Mẫu THPT Quốc Gia 2019 Toán - Văn - Anh là trợ thủ đắc lực sẽ đồng hành cùng các em trong suốt quá trình luyện thi THPT quốc gia, giúp các em có thể chinh phục được kì thi với điểm số mà các em mong đợi', '<p><strong>Combo &Ocirc;n Luyện Đề Thi Mẫu THPT Quốc Gia 2019 To&aacute;n - Văn - Anh</strong></p>\r\n\r\n<p><img alt="Combo Ôn Luyện Đề Thi Mẫu THPT Quốc Gia 2019 Toán - Văn - Anh" src="https://newshop.vn/public/uploads/content/Combo%20%C3%94n%20Luy%E1%BB%87n%20%C4%90%E1%BB%81%20Thi%20M%E1%BA%ABu%20THPT%20Qu%E1%BB%91c%20Gia%202019%20To%C3%A1n%20-%20V%C4%83n%20-%20Anh.png" /></p>\r\n\r\n<p><strong>Combo &Ocirc;n Luyện Đề Thi Mẫu THPT Quốc Gia 2019 To&aacute;n - Văn - Anh</strong>&nbsp;thuộc&nbsp;<a href="https://newshop.vn/luyen-thi-dh-cd"><strong>s&aacute;ch luyện thi THPT quốc gia 2019</strong></a>&nbsp;sẽ&nbsp;&nbsp;l&agrave; trợ thủ đắc lực sẽ đồng h&agrave;nh c&ugrave;ng c&aacute;c em trong suốt qu&aacute; tr&igrave;nh luyện thi THPT quốc gia, gi&uacute;p c&aacute;c em c&oacute; thể chinh phục được k&igrave; thi với điểm số m&agrave; c&aacute;c em mong đợi</p>', 35, 'wrHjDsVIsBWHC7NPhmk5KcZSUxhUQdOtGRmZJVS1.png', 40, '2018-11-12 18:32:36', 0, 0, 1, 0, NULL, NULL),
(76, NULL, 'COMBO ÔN LUYỆN ĐỀ THI MẪU THPT QUỐC GIA 2019 TOÁN - HÓA - SINH', '402000', 10, 'Combo Ôn Luyện Đề Thi Mẫu THPT Quốc Gia 2019 Toán - Hóa - Sinh được biên soạn nhằm giúp các em bồi dưỡng, ôn tập lý thuyết và thực hành các đề thi mẫu khối B. Đây là hành trang quan trọng giúp các em chuẩn bị cho kì thi THPT Quốc gia sắp tới.', '<p><strong>Combo &Ocirc;n Luyện Đề Thi Mẫu THPT Quốc Gia 2019 To&aacute;n - H&oacute;a - Sinh</strong></p>\r\n\r\n<p><br />\r\n<br />\r\n<strong>Bộ Combo n&agrave;y gồm 3 cuốn:</strong><br />\r\n<br />\r\n<img alt="enlightened" src="https://newshop.vn/public/assets/global/plugins/ckeditor/plugins/smiley/images/lightbulb.png" style="height:23px; width:23px" title="enlightened" /><strong><a href="https://newshop.vn/on-luyen-de-thi-mau-thpt-quoc-gia-2019-toan.html">&Ocirc;N LUYỆN ĐỀ THI MẪU THPT QUỐC GIA 2019 TO&Aacute;N</a></strong><br />\r\n<img alt="enlightened" src="https://newshop.vn/public/assets/global/plugins/ckeditor/plugins/smiley/images/lightbulb.png" style="height:23px; width:23px" title="enlightened" /><a href="https://newshop.vn/on-luyen-de-thi-mau-thpt-quoc-gia-2019-hoa-hoc.html"><strong>&Ocirc;N LUYỆN ĐỀ THI MẪU THPT QUỐC GIA 2019 H&Oacute;A HỌC<br />\r\n<img alt="enlightened" src="https://newshop.vn/public/assets/global/plugins/ckeditor/plugins/smiley/images/lightbulb.png" style="height:23px; width:23px" title="enlightened" /></strong></a><strong><a href="https://newshop.vn/on-luyen-de-thi-mau-thpt-quoc-gia-2019-sinh-hoc.html">&Ocirc;N LUYỆN ĐỀ THI MẪU THPT QUỐC GIA 2019 SINH HỌC</a></strong><br />\r\n<br />\r\n&nbsp;</p>\r\n\r\n<p><strong><a href="https://newshop.vn/on-luyen-de-thi-mau-thpt-quoc-gia-2019-sinh-hoc.html"><img alt="Combo Ôn Luyện Đề Thi Mẫu THPT Quốc Gia 2019 Toán - Hóa - Sinh" src="https://newshop.vn/public/uploads/content/combo-on-luyen-de-thi-mau-THPT-Quoc-gia-2019-Toan-Hoa-Sinh-noi-dung.jpg" /></a></strong><br />\r\n<br />\r\n&nbsp;</p>\r\n\r\n<p>Bộ 3 cuốn s&aacute;ch được bi&ecirc;n soạn với những nội dung kiến thức từ cơ bản đến n&acirc;ng cao nhằm gi&uacute;p c&aacute;c em bồi dưỡng, &ocirc;n tập l&yacute; thuyết v&agrave; thực h&agrave;nh c&aacute;c đề thi mẫu của c&aacute;c bộ m&ocirc;n khối A để chuẩn bị cho k&igrave; thi THPT Quốc gia sắp tới.<br />\r\n<br />\r\n<strong>Nội dung của mỗi cuốn s&aacute;ch&nbsp;n&agrave;y&nbsp;bao gồm:&nbsp;</strong><br />\r\n&bull;&nbsp; 15 đề chuẩn theo cấu tr&uacute;c của Bộ Gi&aacute;o dục&nbsp;<br />\r\n&bull;&nbsp;&nbsp;Trong mỗi đề đều c&oacute; nội dung kiến thức của cả 3 khối 10, 11, 12.&nbsp;<br />\r\n&bull;&nbsp;&nbsp;Trong mỗi đề đều c&oacute; lời giải rất chi tiết, c&aacute;ch ph&acirc;n t&iacute;ch s&acirc;u sắc, bổ sung kiến thức, c&oacute; nhiều b&agrave;i to&aacute;n hay, lạ v&agrave; kh&oacute;.<br />\r\n<br />\r\nBộ 3 cuốn s&aacute;ch n&agrave;y rất bổ &iacute;ch v&agrave; cần thiết đối với c&aacute;c em.<br />\r\n<br />\r\nMong rằng c&aacute;c em sẽ c&oacute; một k&igrave; thi thật th&agrave;nh c&ocirc;ng!</p>', 35, 'cg35733vd580olWVEwFJeMEuns0YSqy5fXmCz8EZ.jpeg', 40, '2018-11-12 18:33:55', 0, 0, 1, 0, NULL, NULL);
INSERT INTO `sanpham` (`id_sp`, `ma_sp`, `namesp`, `gia`, `chiase`, `preview_text`, `detail_text`, `id_cat`, `picture`, `giamgia`, `date`, `count_number`, `daban`, `active`, `slide`, `date_start`, `date_finish`) VALUES
(77, NULL, 'COMBO CÔNG PHÁ HÓA HỌC LỚP 10-11-12', '368000', 10, 'Combo Công Phá Hóa Học (lý thuyết, bài tập) thể hiện những gì cô đọng nhất, tinh túy nhất của tác giả Trần Phương Duy và cộng sự, hy vọng đây sẽ là bảo bối không thể thiếu trong quá trình ôn tập môn Hóa, hướng tới các kì thi THPT.', '<p><strong>Combo C&ocirc;ng Ph&aacute; H&oacute;a Học Lớp 10-11-12</strong></p>\r\n\r\n<p><br />\r\n&nbsp;</p>\r\n\r\n<p>Kể từ năm 2019, đề thi THPT quốc gia m&ocirc;n H&oacute;a c&oacute; c&aacute;c dạng b&agrave;i tập trong cả 3 lớp 10-11-12, điều n&agrave;y sẽ g&acirc;y kh&ocirc;ng &iacute;t &aacute;p lực cho c&aacute;c em học sinh. Chưa kể kiến thức về b&agrave;i tập H&oacute;a học kh&aacute; l&agrave; phức tạp v&agrave; kh&oacute; hiểu, hơn nữa c&aacute;c dạng b&agrave;i trong đề thi kh&aacute;c xa với kiến thức trong SGK. Việc tạo ra một cuốn&nbsp;<a href="https://newshop.vn/hoa-hoc"><u>s&aacute;ch luyện thi THPT quốc gia m&ocirc;n H&oacute;a</u></a>&nbsp;m&agrave; c&oacute; thể gi&uacute;p c&aacute;c em nắm chắc được to&agrave;n bộ c&aacute;c chuy&ecirc;n đề, c&aacute;c dạng b&agrave;i tập trong chương tr&igrave;nh H&oacute;a 3 lớp l&agrave; một điều hết sức cần thiết. Ch&iacute;nh v&igrave; những điều n&agrave;y đ&atilde; th&ocirc;i th&uacute;c t&ocirc;i v&agrave; nh&agrave; s&aacute;ch Lovebook c&ugrave;ng nhau phối hợp tạo n&ecirc;n cuốn s&aacute;ch &ldquo;C&ocirc;ng ph&aacute; b&agrave;i tập H&oacute;a 10-11-12&rdquo; v&agrave;&nbsp;&nbsp;&ldquo;C&ocirc;ng ph&aacute; l&yacute; thuyết&nbsp;H&oacute;a 10-11-12&rdquo;<br />\r\n&nbsp;</p>\r\n\r\n<p>Trong cuốn s&aacute;ch C&ocirc;ng ph&aacute; b&agrave;i tập H&oacute;a 10-11-12&nbsp;bạn sẽ:</p>\r\n\r\n<p>==&gt; Thử th&aacute;ch bản th&acirc;n với h&agrave;ng loạt b&agrave;i tập ph&acirc;n bổ đều cả 3 lớp 10-11-12, được chọn lọc kĩ c&agrave;ng. Cả cuốn s&aacute;ch được chia th&agrave;nh 20 chương theo từng dạng b&agrave;i cụ thể v&agrave; 10 chương theo từng phương ph&aacute;p giải b&agrave;i tập điển h&igrave;nh. C&aacute;c b&agrave;i tập trong cuốn s&aacute;ch đều l&agrave; những b&agrave;i tập điển h&igrave;nh v&agrave; quen thuộc nhất trong c&aacute;c đề thi thử THPT quốc gia v&agrave; ch&iacute;nh c&aacute;c b&agrave;i kiểm tra tr&ecirc;n lớp của c&aacute;c em học sinh. Ngo&agrave;i c&aacute;c v&iacute; dụ gi&uacute;p c&aacute;c bạn định h&igrave;nh dạng to&aacute;n, cuốn s&aacute;ch c&ograve;n bao h&agrave;m rất nhiều b&agrave;i tập tự luyện c&oacute; đ&aacute;p &aacute;n, gi&uacute;p c&aacute;c bạn giải quen dạng v&agrave; quen tay, nhằm tối ưu h&oacute;a thời gian khi l&agrave;m c&aacute;c đề thi.&nbsp;</p>\r\n\r\n<p>==&gt; Tiếp cận c&aacute;c phương ph&aacute;p giải H&oacute;a học tối ưu nhất. C&aacute;c phương ph&aacute;p trong cuốn s&aacute;ch đều l&agrave; c&aacute;c phương ph&aacute;p được chọn lọc kĩ c&agrave;ng, đồng thời được tr&igrave;nh b&agrave;y cẩn thận v&agrave; r&otilde; r&agrave;ng với lời hướng dẫn chi tiết&hellip; Cuốn s&aacute;ch dễ hiểu, dễ học ngay cả với những bạn mới bắt đầu tiếp x&uacute;c với H&oacute;a học.</p>\r\n\r\n<p>==&gt; Một lối viết, lối tr&igrave;nh b&agrave;y ho&agrave;n to&agrave;n kh&aacute;c biệt so với tất cả c&aacute;c s&aacute;ch tr&ecirc;n thị trường. Gần như tất cả c&aacute;c b&agrave;i tập, t&ocirc;i đều cố gắng giải chi tiết nhất c&oacute; thể. Cũng như c&aacute;c d&ograve;ng s&aacute;ch &ldquo;C&ocirc;ng Ph&aacute;&rdquo; kh&aacute;c của Lovebook, c&aacute;c b&agrave;i tập điển h&igrave;nh ở phần V&iacute; Dụ Minh Họa được tr&igrave;nh b&agrave;y giải chi tiết kết hợp với c&aacute;c Ch&uacute; &yacute;, Study tips, nhận x&eacute;t,&hellip; ở lề tr&aacute;i.&nbsp;</p>\r\n\r\n<p>&nbsp;Ngay cả ở phần tr&igrave;nh b&agrave;y đ&aacute;p &aacute;n chi tiết của mục B&Agrave;I TẬP R&Egrave;N LUYỆN KĨ NĂNG, mặc d&ugrave; phải tr&igrave;nh b&agrave;y 2 cột nhưng ch&uacute;ng t&ocirc;i cũng lu&ocirc;n ch&uacute; trọng, nhấn mạnh những vấn đề cốt l&otilde;i m&agrave; c&aacute;c em cần khắc ghi:&nbsp;</p>\r\n\r\n<p>610 trang s&aacute;ch l&agrave; kết quả của qu&aacute; tr&igrave;nh lao động miệt m&agrave;i kh&ocirc;ng chỉ của ri&ecirc;ng t&ocirc;i m&agrave; c&ograve;n của cả đội ngũ anh chị em ph&ograve;ng bi&ecirc;n tập, chế bản nh&agrave; s&aacute;ch Lovebook. T&ocirc;i mong những nỗ lực, tận tụy, t&acirc;m huyết của ch&uacute;ng t&ocirc;i sẽ lan tỏa tới c&aacute;c em học sinh. T&ocirc;i hi vọng cuốn s&aacute;ch n&agrave;y sẽ gi&uacute;p &iacute;ch cho c&aacute;c em trong qu&aacute; tr&igrave;nh ho&agrave;n thiện kiến thức, gặt h&aacute;i th&agrave;nh c&ocirc;ng trong c&aacute;c k&igrave; thi H&oacute;a ở cấp THPT sắp tới.&nbsp;<br />\r\n&nbsp;</p>\r\n\r\n<p>Trong cuốn s&aacute;ch C&ocirc;ng ph&aacute; l&yacute; thuyết&nbsp;H&oacute;a 10-11-12&nbsp;gồm c&oacute;:<br />\r\n&nbsp;</p>\r\n\r\n<p>Phần I: Tổng quan kiến thức</p>\r\n\r\n<p>Gồm 30 trang về nhận biết chất v&agrave; c&aacute;c phương ph&aacute;p điều chế chất hữu cơ được tr&igrave;nh b&agrave;y cụ thể trong s&aacute;ch. Ngo&agrave;i ra, ch&uacute;ng t&ocirc;i c&oacute; soạn th&ecirc;m 1 cuốn sổ in m&agrave;u nhỏ hệ thống lại to&agrave;n bộ l&iacute; thuyết h&oacute;a trong chương tr&igrave;nh THPT. Trong qu&aacute; tr&igrave;nh luyện b&agrave;i tập trong s&aacute;ch, c&aacute;c em c&oacute; thể sử dụng song song với cuốn sổ khi cần tra cứu lại l&iacute; thuyết, b&ecirc;n cạnh bộ s&aacute;ch gi&aacute;o khoa của BGD.&nbsp;</p>\r\n\r\n<p>Phần II. Trắc nghiệm l&iacute; thuyết đại cương v&agrave; v&ocirc; cơ</p>\r\n\r\n<p>Hệ thống hơn 1000 c&acirc;u hỏi trắc nghiệm, chia đều cho c&aacute;c chuy&ecirc;n đề k&egrave;m lời giải chi tiết ngay sau mỗi chuy&ecirc;n đề. Đặc biệt, trong phần lời giải, ph&acirc;n t&iacute;ch chi tiết, ch&uacute;ng t&ocirc;i c&oacute; chắt lọc ra những nội dung quan trọng (hoặc gợi nhắc lại kiến thức nền tảng) th&ocirc;ng qua &ocirc; CHEM Tip b&ecirc;n lề tr&aacute;i. Với đặc điểm n&agrave;y, ch&uacute;ng t&ocirc;i tin tưởng chắc chắn rằng c&aacute;c em sẽ tiếp thu b&agrave;i nhanh hơn, khắc s&acirc;u kiến thức hơn.&nbsp;</p>\r\n\r\n<p>Phần III: Đề &ocirc;n tập</p>\r\n\r\n<p>Sau khi r&egrave;n luyện xong bộ 1023 c&acirc;u hỏi ở phần II. C&aacute;c em tiếp tục với việc &ocirc;n luyện lại v&agrave; đo lường sự tiến bộ của m&igrave;nh th&ocirc;ng qua bộ 8 đề chọn lọc (400 c&acirc;u) m&agrave; ch&uacute;ng t&ocirc;i bi&ecirc;n soạn ra. Đ&acirc;y l&agrave; những mảng l&iacute; thuyết dễ bị nhầm lẫn nhất m&agrave; ch&uacute;ng t&ocirc;i tổng hợp lại. Việc để những c&acirc;u hỏi h&oacute;c b&uacute;a ở cuối c&ugrave;ng của s&aacute;ch sẽ gi&uacute;p c&aacute;c em củng cố vững chắc hơn, tự tin hơn sau khi đọc xong cuốn s&aacute;ch. Ngo&agrave;i ra, ở phần IV, ch&uacute;ng t&ocirc;i sẽ cung cấp cho c&aacute;c em gần 200 c&acirc;u hỏi l&iacute; thuyết được tr&iacute;ch từ bộ đề ch&iacute;nh thức của BGD trong hai năm gần nhất. Kết quả của việc l&agrave;m bộ c&acirc;u hỏi BGD n&agrave;y sẽ l&agrave; c&acirc;u trả lời ch&iacute;nh x&aacute;c nhất cho việc đo lường hiệu quả sử dụng s&aacute;ch của c&aacute;c em. Kh&ocirc;ng như phần II, ở phần III, ch&uacute;ng t&ocirc;i chuyển việc tr&igrave;nh b&agrave;y lời giải chi tiết sang kiểu 2 cột.</p>\r\n\r\n<p>Ch&uacute;c c&aacute;c em học tốt v&agrave; thật th&agrave;nh c&ocirc;ng!&nbsp;</p>', 35, 'UDhjFyYJQ0mCnRk5kuwxHlx5aOkuSHFl0cGDRam8.png', 40, '2018-11-12 18:35:06', 0, 0, 1, 0, NULL, NULL),
(78, NULL, 'COMBO ÔN LUYỆN ĐỀ THI MẪU THPT QUỐC GIA 2019 TOÁN - LÍ - HÓA', '402000', 10, 'Combo Ôn Luyện Đề Thi Mẫu THPT Quốc Gia 2019 Toán - Lí - Hóa được biên soạn nhằm giúp các em bồi dưỡng, ôn tập lý thuyết và thực hành các đề thi mẫu khối A. Đây là hành trang quan trọng giúp các em chuẩn bị cho kì thi THPT Quốc gia sắp tới.', '<p><strong>Combo &Ocirc;n Luyện Đề Thi Mẫu THPT Quốc Gia 2019 To&aacute;n - L&iacute; - H&oacute;a</strong></p>\r\n\r\n<p><br />\r\n<strong>Bộ Combo n&agrave;y gồm 3 cuốn:</strong><br />\r\n<br />\r\n&nbsp;</p>\r\n\r\n<p><a href="https://newshop.vn/on-luyen-de-thi-mau-thpt-quoc-gia-2019-hoa-hoc.html"><img alt="Combo Ôn Luyện Đề Thi Mẫu THPT Quốc Gia 2019 Toán - Lí - Hóa" src="https://newshop.vn/public/uploads/content/combo-on-luyen-de-thi-mau-THPT-Quoc-gia-2019-Toan-Li-Hoa-noi-dung.jpg" /></a><br />\r\n<br />\r\n&nbsp;</p>\r\n\r\n<p>Bộ 3 cuốn s&aacute;ch được bi&ecirc;n soạn với những nội dung kiến thức từ cơ bản đến n&acirc;ng cao nhằm gi&uacute;p c&aacute;c em bồi dưỡng, &ocirc;n tập l&yacute; thuyết v&agrave; thực h&agrave;nh c&aacute;c đề thi mẫu của c&aacute;c bộ m&ocirc;n khối A để chuẩn bị cho k&igrave; thi THPT Quốc gia sắp tới.<br />\r\n<br />\r\n<strong>Nội dung của mỗi cuốn s&aacute;ch&nbsp;n&agrave;y&nbsp;bao gồm:&nbsp;</strong><br />\r\n&bull;&nbsp; 15 đề chuẩn theo cấu tr&uacute;c của Bộ Gi&aacute;o dục&nbsp;<br />\r\n&bull;&nbsp;&nbsp;Trong mỗi đề đều c&oacute; nội dung kiến thức của cả 3 khối 10, 11, 12.&nbsp;<br />\r\n&bull;&nbsp;&nbsp;Trong mỗi đề đều c&oacute; lời giải rất chi tiết, c&aacute;ch ph&acirc;n t&iacute;ch s&acirc;u sắc, bổ sung kiến thức, c&oacute; nhiều b&agrave;i to&aacute;n hay, lạ v&agrave; kh&oacute;.<br />\r\n<br />\r\nBộ 3 cuốn s&aacute;ch n&agrave;y rất bổ &iacute;ch v&agrave; cần thiết đối với c&aacute;c em.<br />\r\n<br />\r\nMong rằng c&aacute;c em sẽ c&oacute; một k&igrave; thi thật th&agrave;nh c&ocirc;ng!</p>', 35, 'OFZOlwWYY889DWEe9kyra49K7Oz2wWPglODWqLUg.jpeg', 40, '2018-11-12 18:36:50', 0, 0, 1, 0, NULL, NULL),
(79, NULL, 'COMBO CÔNG PHÁ TOÁN - LÍ - HÓA', '1551000', 10, 'Combo Công Phá Toán - Lí - Hóa dành cho quý giáo viên, phụ huynh giảng dạy nghiên cứu và các sĩ tử tương lai làm cẩm nang bổ ích nhất để ôn thi trắc nghiệm cho kì thi THPT Quốc Gia.', '<p><strong>Combo C&ocirc;ng Ph&aacute; To&aacute;n - L&iacute; - H&oacute;a</strong><br />\r\n&nbsp;</p>\r\n\r\n<p><strong>Combo C&ocirc;ng Ph&aacute; To&aacute;n - L&iacute; - H&oacute;a</strong>&nbsp;gồm:&nbsp;<br />\r\n<br />\r\n<img alt="enlightened" src="https://newshop.vn/public/assets/global/plugins/ckeditor/plugins/smiley/images/lightbulb.png" style="height:23px; width:23px" title="enlightened" /><a href="https://newshop.vn/combo-cong-pha-toan-4-quyen.html"><strong>C&Ocirc;NG PH&Aacute; TO&Aacute;N</strong></a><br />\r\n<br />\r\n<strong>&bull;&nbsp;C<a href="https://newshop.vn/cong-pha-toan-1-lop-10.html">&ocirc;ng Ph&aacute; To&aacute;n Tập 1</a></strong><strong>:</strong><br />\r\n<br />\r\n&diams;&nbsp;Thứ nhất, cuốn s&aacute;ch gi&uacute;p c&aacute;c em hệ thống lại to&agrave;n bộ phương ph&aacute;p, tư duy giải to&aacute;n cần thiết trong chương tr&igrave;nh lớp 10. B&ecirc;n cạnh đ&oacute;, ch&uacute;ng t&ocirc;i rất ch&uacute; trọng tới việc x&acirc;u chuỗi c&aacute;c kiến thức của lớp 10 với c&aacute;c lớp cấp THCS, đặt trong tương quan với chương tr&igrave;nh của cấp THPT.<br />\r\n&diams; Thứ hai, cuốn s&aacute;ch gi&uacute;p c&aacute;c em học sinh nắm được những kĩ năng sử dụng m&aacute;y t&iacute;nh cầm tay cần thiết trong việc giải to&aacute;n lớp 10. Tuy nhi&ecirc;n, những kĩ năng được giới thiệu đều gắn với tư duy giải to&aacute;n, kh&ocirc;ng chỉ đơn thuần l&agrave; c&aacute;c thao t&aacute;c bấm m&aacute;y th&ocirc;ng thường.<br />\r\n&diams; Thứ ba, cuốn s&aacute;ch t&iacute;ch hợp hệ thống gửi t&agrave;i liệu qua mail, để học sinh c&oacute; cơ hội r&egrave;n luyện, vận dụng c&aacute;c kiến thức th&acirc;u lượm được khi đọc s&aacute;ch.&nbsp;<br />\r\n<br />\r\n<strong><a href="https://newshop.vn/cong-pha-toan-tap-2.html">&bull;&nbsp;C&ocirc;ng Ph&aacute; To&aacute;n Tập 2</a>:</strong><br />\r\n<br />\r\n&diams; Từ hệ thống l&iacute; thuyết đến v&iacute; dụ minh họa, cuối c&ugrave;ng l&agrave; hệ thống b&agrave;i tập vận dụng. Tập hợp phương ph&aacute;p giải to&aacute;n cần thiết trong chương tr&igrave;nh lớp 11 hướng tới k&igrave; thi THPT Quốc Gia.<br />\r\n&diams; Hệ thống l&iacute; thuyết đầy đủ, c&ocirc; đọng v&agrave; đặc biệt l&agrave; hệ thống b&agrave;i tập vận dụng.<br />\r\n&diams; Mỗi b&agrave;i tập được tr&igrave;nh b&agrave;y theo hai hướng giải: Tự luận v&agrave; trắc nghiệm gi&uacute;p c&aacute;c em vừa hiểu bản chất vấn đề vừa hướng dẫn l&agrave;m nhanh qua m&aacute;y t&iacute;nh cầm tay để tiết kiệm thời gian.<br />\r\n<br />\r\n<a href="https://newshop.vn/cong-pha-toan.html"><strong>&bull;&nbsp;</strong><strong>C&ocirc;ng Ph&aacute; To&aacute;n Tập 3</strong></a><strong>:</strong><br />\r\n<br />\r\n&diams;&nbsp;&nbsp;Phần 1:&nbsp;<br />\r\n&nbsp;Hệ thống tư duy, phương ph&aacute;p giải to&aacute;n theo chuy&ecirc;n đề<br />\r\nHệ thống v&iacute; dụ, b&agrave;i tập minh họa điển h&igrave;nh k&egrave;m ph&acirc;n t&iacute;ch, đ&aacute;nh gi&aacute;, mở rộng<br />\r\nHệ thống b&agrave;i tập r&egrave;n luyện k&egrave;m lời giải th&iacute;ch chi tiết&nbsp;<br />\r\n&diams;&nbsp;Phần 2:<br />\r\n11 b&agrave;i kiểm tra tổng &ocirc;n luyện sau mỗi chủ đề. Đ&aacute;p &aacute;n v&agrave; lời giải chi tiết được Ngọc Huyền v&agrave; nh&agrave; ph&aacute;t h&agrave;nh gửi qua mail.<br />\r\n<br />\r\n<br />\r\n<a href="https://newshop.vn/cong-pha-ki-thuat-casio-trong-giai-toan-10-11-12.html"><strong>&bull; C&ocirc;ng Ph&aacute; Kĩ Thuật Casio Trong Giải To&aacute;n 10-11-12</strong></a><br />\r\n<br />\r\n<strong>C&ocirc;ng Ph&aacute; Kĩ Thuật Casio Trong Giải To&aacute;n 10-11-12</strong>&nbsp;l&agrave; 1 tập hợp những thao t&aacute;c sử dụng MTBT CASIO theo c&aacute;ch kh&aacute;c b&igrave;nh thường m&agrave; thậm ch&iacute; những người thi Học sinh giỏi giải to&aacute;n tr&ecirc;n m&aacute;y t&iacute;nh CASIO cũng chưa chắc đ&atilde; thực hiện được. Bởi v&igrave; Kỹ thuật CASIO ở đ&acirc;y được s&aacute;ng tạo dưới h&igrave;nh thức luyện thi THPT Quốc gia, m&agrave; những b&agrave;i to&aacute;n trong đề thi Học sinh giỏi giải to&aacute;n tr&ecirc;n m&aacute;y t&iacute;nh CASIO th&igrave; lại thuộc một dạng kh&aacute;c hẳn.<br />\r\n<br />\r\n<br />\r\n<img alt="enlightened" src="https://newshop.vn/public/assets/global/plugins/ckeditor/plugins/smiley/images/lightbulb.png" style="height:23px; width:23px" title="enlightened" /><a href="https://newshop.vn/combo-cong-pha-vat-li-1-2-3-lop-10-11-12.html"><strong>C&Ocirc;NG PH&Aacute; L&Iacute;</strong></a><br />\r\n<br />\r\n<a href="https://newshop.vn/cong-pha-vat-li-1.html"><strong>&bull; C&ocirc;ng Ph&aacute; L&iacute; 1 (Lớp 10)</strong></a><br />\r\n<br />\r\n&diams; Gồm 7 chủ đề: Động học chất điểm, Động lực học chất điểm, C&acirc;n bằng v&agrave; chuyển động của vật rắn, C&aacute;c định luật bảo to&agrave;n, Chất kh&iacute;, Cơ sở của nhiệt động lực học, Chất rắn v&agrave; chất lỏng, sự chuyển thể<br />\r\n&diams; Ở mỗi chủ đề, c&aacute;c em sẽ được &ocirc;n lại trọng t&acirc;m kiến thức, tham khảo c&aacute;c v&iacute; dụ minh họa v&agrave; l&agrave;m c&aacute;c b&agrave;i tập &ocirc;n luyện&nbsp; nhằm gi&uacute;p c&aacute;c em vận dụng đươc b&agrave;i học v&agrave;o c&aacute;c dạng b&agrave;i tập kh&aacute;c nhau. Đan xen giữa nội dung b&agrave;i học, b&agrave;i tập, c&aacute;c em sẽ c&oacute; c&aacute;c đề kiểm tra tổng hợp kiến thức, c&aacute;c em sẽ tự tin hơn trong việc l&agrave;m b&agrave;i.<br />\r\n<br />\r\n<a href="https://newshop.vn/cong-pha-vat-li-2-lop-11.html"><strong>&bull; C&ocirc;ng Ph&aacute; L&iacute; 2 (Lớp 11)</strong></a><br />\r\n<br />\r\n&diams; Gi&uacute;p c&aacute;c em nắm chắc phương ph&aacute;p giải nhanh c&aacute;c dạng c&acirc;u hỏi trắc nghiệm Vật L&iacute; lớp 11, x&acirc;y dựng nền tảng vững chắc chuẩn bị cho k&igrave; thi THPT Quốc gia 2019. B&ecirc;n cạnh đ&oacute;, cuốn s&aacute;ch c&ograve;n tặng k&egrave;m t&agrave;i liệu, đề thi học k&igrave; chọn lọc để c&aacute;c em c&oacute; thể luyện tập phương ph&aacute;p l&agrave;m b&agrave;i, giải đề thi một c&aacute;ch thường xuy&ecirc;n, hiệu quả.<br />\r\n&diams; Cuốn s&aacute;ch gồm 7 phần: Điện t&iacute;ch - điện trường, D&ograve;ng điện kh&ocirc;ng đổi, D&ograve;ng điện trong c&aacute;c m&ocirc;i trường, Từ trường, Cảm ứng điện từ, Kh&uacute;c xạ &aacute;nh s&aacute;ng, Mắt v&agrave; c&aacute;c dụng cụ quang học.<br />\r\n<br />\r\n<strong><a href="https://newshop.vn/cong-pha-vat-li-3-lop-12.html">&bull; C&ocirc;ng Ph&aacute; Vật L&iacute; 3 (Lớp 12)</a>&nbsp;</strong><br />\r\n<br />\r\n&diams; Gi&uacute;p c&aacute;c em nắm chắc phương ph&aacute;p giải nhanh c&aacute;c dạng c&acirc;u hỏi trắc nghiệm Vật l&iacute; lớp 12, x&acirc;y dựng nền tảng vững chắc chuẩn bị cho k&igrave; thi THPT Quốc gia 2019 sắp tới. B&ecirc;n cạnh đ&oacute;, cuốn s&aacute;ch c&ograve;n tặng k&egrave;m t&agrave;i liệu, đề thi học k&igrave; chọn lọc, gi&uacute;p c&aacute;c em tự tin hơn trong c&aacute;c k&igrave; thi.<br />\r\n&diams; Cuốn s&aacute;ch gồm 11 phần: C&aacute;c phương ph&aacute;p giải vật l&iacute;, Dao động cơ, S&oacute;ng cơ, Dao động v&agrave; s&oacute;ng điện từ, D&ograve;ng điện xoay chiều, S&oacute;ng &aacute;nh s&aacute;ng, Lượng tử &aacute;nh s&aacute;ng, Sơ lược về thuyết tương đối hẹp, Hạt nh&acirc;n nguy&ecirc;n tử, B&agrave;i tập chuy&ecirc;n đề đồ thị, Chuy&ecirc;n đề th&iacute; nghiệm thực h&agrave;nh.<br />\r\n<br />\r\n<br />\r\n<img alt="enlightened" src="https://newshop.vn/public/assets/global/plugins/ckeditor/plugins/smiley/images/lightbulb.png" style="height:23px; width:23px" title="enlightened" /><a href="https://newshop.vn/combo-cong-pha-hoa-hoc-lop-10-11-12.html"><strong>C&Ocirc;NG PH&Aacute; H&Oacute;A</strong></a><br />\r\n<br />\r\n<a href="https://newshop.vn/cong-pha-li-thuyet-hoa-lop-10-11-12.html"><strong>&bull; C&ocirc;ng Ph&aacute; L&yacute; Thuyết H&oacute;a 10-11-12</strong></a><br />\r\n<br />\r\n&diams; Phần I: Tổng quan kiến thức: gồm 30 trang về nhận biết chất v&agrave; c&aacute;c phương ph&aacute;p điều chế chất hữu cơ được tr&igrave;nh b&agrave;y cụ thể trong s&aacute;ch. Ngo&agrave;i ra, ch&uacute;ng t&ocirc;i c&oacute; soạn th&ecirc;m 1 cuốn sổ in m&agrave;u nhỏ hệ thống lại to&agrave;n bộ l&iacute; thuyết h&oacute;a trong chương tr&igrave;nh THPT<br />\r\n&diams; Phần II. Trắc nghiệm l&iacute; thuyết đại cương v&agrave; v&ocirc; cơ:&nbsp;Hệ thống hơn 1000 c&acirc;u hỏi trắc nghiệm, chia đều cho c&aacute;c chuy&ecirc;n đề k&egrave;m lời giải chi tiết ngay sau mỗi chuy&ecirc;n đề<br />\r\n&diams; Phần III: Đề &ocirc;n tập: gồm 8 bộ đề chọn lọc (400 c&acirc;u)<br />\r\n<br />\r\n<a href="https://newshop.vn/cong-pha-bai-tap-hoa-lop-10-11-12.html"><strong>&bull; C&ocirc;ng Ph&aacute; B&agrave;i Tập H&oacute;a 10-11-12</strong></a><br />\r\n<br />\r\n&diams; Được chia th&agrave;nh 20 chương theo từng dạng b&agrave;i cụ thể v&agrave; 10 chương theo từng phương ph&aacute;p giải b&agrave;i tập điển h&igrave;nh<br />\r\n&diams; C&aacute;c b&agrave;i tập trong cuốn s&aacute;ch đều l&agrave; những b&agrave;i tập điển h&igrave;nh v&agrave; quen thuộc nhất trong c&aacute;c đề thi thử THPT quốc gia v&agrave; ch&iacute;nh c&aacute;c b&agrave;i kiểm tra tr&ecirc;n lớp của c&aacute;c em học sinh<br />\r\n&diams; Cuốn s&aacute;ch c&ograve;n bao h&agrave;m rất nhiều b&agrave;i tập tự luyện c&oacute; đ&aacute;p &aacute;n, gi&uacute;p c&aacute;c bạn giải quen dạng v&agrave; quen tay, nhằm tối ưu h&oacute;a thời gian khi l&agrave;m c&aacute;c đề thi<br />\r\n<br />\r\n<strong>Ch&uacute;c c&aacute;c em học tốt v&agrave; thật th&agrave;nh c&ocirc;ng!</strong></p>', 35, 'GkjLjOHB6BQMoxbNGQZ2aXeG5P6KgZjbX6lUzufS.png', 40, '2018-11-12 18:38:14', 0, 0, 1, 0, NULL, NULL),
(80, NULL, 'COMBO CÔNG PHÁ TOÁN - HÓA - SINH', '1388500', 10, 'Combo Công Phá Toán - Hóa - Sinh cho quý giáo viên, phụ huynh giảng dạy nghiên cứu và các sĩ tử tương lai làm cẩm nang ôn thi trắc nghiệm cho kì thi THPT Quốc Gia.', '<p><strong>Combo C&ocirc;ng Ph&aacute; To&aacute;n - H&oacute;a -Sinh</strong><br />\r\n<br />\r\n<br />\r\n<img alt="" src="https://newshop.vn/public/uploads/content/combo-cong-pha.jpg" /><br />\r\n&nbsp;</p>\r\n\r\n<p>Mời qu&yacute; bạn đọc tham khảo từng cuốn s&aacute;ch tại đ&acirc;y:<br />\r\n<br />\r\n<strong>C&Ocirc;NG PH&Aacute; TO&Aacute;N:&nbsp;</strong></p>\r\n\r\n<ul>\r\n	<li><a href="https://newshop.vn/cong-pha-toan-1-lop-10.html">C&ocirc;ng Ph&aacute; To&aacute;n Tập&nbsp;</a><a href="https://newshop.vn/cong-pha-toan-1-lop-10.html">1</a></li>\r\n</ul>\r\n\r\n<p>&nbsp;Thứ nhất, cuốn s&aacute;ch gi&uacute;p c&aacute;c em hệ thống lại to&agrave;n bộ phương ph&aacute;p, tư duy giải to&aacute;n cần thiết trong chương tr&igrave;nh lớp 10. B&ecirc;n cạnh đ&oacute;, ch&uacute;ng t&ocirc;i rất ch&uacute; trọng tới việc x&acirc;u chuỗi c&aacute;c kiến thức của lớp 10 với c&aacute;c lớp cấp THCS, đặt trong tương quan với chương tr&igrave;nh của cấp THPT.</p>\r\n\r\n<p>&nbsp;Thứ hai,&nbsp;cuốn s&aacute;ch gi&uacute;p c&aacute;c em học sinh nắm được những kĩ năng sử dụng m&aacute;y t&iacute;nh cầm tay cần thiết trong việc giải to&aacute;n lớp 10. Tuy nhi&ecirc;n, những kĩ năng được giới thiệu đều gắn với tư duy giải to&aacute;n, kh&ocirc;ng chỉ đơn thuần l&agrave; c&aacute;c thao t&aacute;c bấm m&aacute;y th&ocirc;ng thường.</p>\r\n\r\n<p>&nbsp;Thứ ba, cuốn s&aacute;ch t&iacute;ch hợp hệ thống gửi t&agrave;i liệu qua mail, để học sinh c&oacute; cơ hội r&egrave;n luyện, vận dụng c&aacute;c kiến thức th&acirc;u lượm được khi đọc s&aacute;ch.&nbsp;</p>\r\n\r\n<ul>\r\n	<li><a href="https://newshop.vn/cong-pha-toan-tap-2.html">C&ocirc;ng Ph&aacute; To&aacute;n Tập 2</a></li>\r\n</ul>\r\n\r\n<ul>\r\n	<li>Từ hệ thống l&iacute; thuyết đến v&iacute; dụ minh họa, cuối c&ugrave;ng l&agrave; hệ thống b&agrave;i tập vận dụng. Tập hợp phương ph&aacute;p giải to&aacute;n cần thiết trong chương tr&igrave;nh lớp 11 hướng tới k&igrave; thi THPT Quốc Gia.</li>\r\n	<li>Hệ thống l&iacute; thuyết đầy đủ, c&ocirc; đọng v&agrave; đặc biệt l&agrave; hệ thống b&agrave;i tập vận dụng.</li>\r\n	<li>Mỗi b&agrave;i tập được tr&igrave;nh b&agrave;y theo hai hướng giải: Tự luận v&agrave; trắc nghiệm gi&uacute;p c&aacute;c em vừa hiểu bản chất vấn đề vừa hướng dẫn l&agrave;m nhanh qua m&aacute;y t&iacute;nh cầm tay để tiết kiệm thời gian.</li>\r\n</ul>\r\n\r\n<ul>\r\n	<li><a href="https://newshop.vn/cong-pha-toan.html">C&ocirc;ng Ph&aacute; To&aacute;n Tập 3</a></li>\r\n</ul>\r\n\r\n<p><u><em>1. Phần 1:&nbsp;</em></u><br />\r\n&nbsp;</p>\r\n\r\n<ul>\r\n	<li>Hệ thống tư duy, phương ph&aacute;p giải to&aacute;n theo chuy&ecirc;n đề</li>\r\n	<li>Hệ thống v&iacute; dụ, b&agrave;i tập minh họa điển h&igrave;nh k&egrave;m ph&acirc;n t&iacute;ch, đ&aacute;nh gi&aacute;, mở rộng</li>\r\n	<li>Hệ thống b&agrave;i tập r&egrave;n luyện k&egrave;m lời giải th&iacute;ch chi tiết&nbsp;</li>\r\n</ul>\r\n\r\n<p><br />\r\n<u><em>2. Phần 2:</em></u><br />\r\n<br />\r\n<em>11 b&agrave;i kiểm tra tổng &ocirc;n luyện sau mỗi chủ đề. Đ&aacute;p &aacute;n v&agrave; lời giải chi tiết được Ngọc Huyền v&agrave; nh&agrave; ph&aacute;t h&agrave;nh gửi qua mail.</em><br />\r\n<br />\r\nChắc chắn đ&acirc;y sẽ l&agrave; một cuốn cẩm nang qu&yacute; b&aacute;u cho c&aacute;c em học sinh đang v&agrave; sẽ l&ecirc;n lớp 12,&nbsp; c&aacute;c sỉ tử đang chuẩn bị h&agrave;nh trang vững bước v&agrave;o c&aacute;nh cổng Đại Học, gi&uacute;p c&aacute;c em củng cố kiến thức, r&egrave;n luyện chuy&ecirc;n cần kĩ năng l&agrave;m b&agrave;i nhanh hơn, ch&iacute;nh x&aacute;c v&agrave; c&oacute; được một kết quả tốt trong qu&aacute; tr&igrave;nh học tập, &ocirc;n luyện v&agrave;&nbsp;<a href="https://newshop.vn/luyen-thi-dh-cd">&nbsp;k&igrave; thi THPT Quốc gia</a>&nbsp;sắp tới.</p>\r\n\r\n<ul>\r\n	<li><a href="https://newshop.vn/cong-pha-ki-thuat-casio-trong-giai-toan-10-11-12.html">C&ocirc;ng Ph&aacute; Kĩ Thuật Casio Trong Giải To&aacute;n 10-11-12</a></li>\r\n</ul>\r\n\r\n<p>C&ocirc;ng Ph&aacute; Kĩ Thuật Casio Trong Giải To&aacute;n 10-11-12&nbsp;l&agrave; 1 tập hợp những thao t&aacute;c sử dụng MTBT CASIO theo c&aacute;ch kh&aacute;c b&igrave;nh thường m&agrave; thậm ch&iacute; những người thi Học sinh giỏi giải to&aacute;n tr&ecirc;n m&aacute;y t&iacute;nh CASIO cũng chưa chắc đ&atilde; thực hiện được. Bởi v&igrave; Kỹ thuật CASIO ở đ&acirc;y được s&aacute;ng tạo dưới h&igrave;nh thức luyện thi THPT Quốc gia, m&agrave; những b&agrave;i to&aacute;n trong đề thi Học sinh giỏi giải to&aacute;n tr&ecirc;n m&aacute;y t&iacute;nh CASIO th&igrave; lại thuộc một dạng kh&aacute;c hẳn.<br />\r\n<br />\r\nKỹ thuật CASIO&nbsp;hướng đến mục ti&ecirc;u:<br />\r\n<br />\r\n+&nbsp;Thứ nhất: luyện cho c&aacute;c bạn sự dẻo tay khi bấm m&aacute;y t&iacute;nh trong qu&aacute; tr&igrave;nh giải to&aacute;n. Sau 1 thời gian luyện tập n&oacute; sẽ khiến c&aacute;c bạn nhanh nhạy hơn khi cầm m&aacute;y trước 1 vấn đề d&ugrave; l&agrave; nhỏ, dẫn đến tăng tốc độ &ldquo;C&Ocirc;NG PH&Aacute;&rdquo; trước giới hạn của thời gian.<br />\r\n<br />\r\n+&nbsp;Thứ hai: đưa ra cho c&aacute;c bạn những phương ph&aacute;p bấm m&aacute;y hiệu quả để tr&aacute;nh những thao t&aacute;c thuộc loại &ldquo;tr&acirc;u b&ograve;&rdquo; m&agrave; l&acirc;u nay nhiều bạn vẫn đang bấm, xử l&iacute; đẹp những số liệu xấu, v&agrave; t&igrave;m ra hướng giải ngắn nhất cho b&agrave;i to&aacute;n.&nbsp;<br />\r\n<br />\r\n+&nbsp;Thứ ba: luyện cho c&aacute;c bạn sự linh hoạt khi sử dụng m&aacute;y t&iacute;nh. Đ&oacute; l&agrave; niềm đam m&ecirc; nghi&ecirc;n cứu kh&aacute;m ph&aacute; những t&iacute;nh năng mới, lối tư duy b&agrave;i to&aacute;n kết hợp h&agrave;i h&ograve;a giữa việc giải tay v&agrave; giải m&aacute;y, v&agrave; &oacute;c s&aacute;ng tạo để t&igrave;m ra những phương ph&aacute;p ng&agrave;y c&agrave;ng ngắn gọn, nhắm đến tối ưu h&oacute;a qu&aacute; tr&igrave;nh giải to&aacute;n.&nbsp;<br />\r\n<br />\r\n+&nbsp;Thứ tư: th&agrave;nh thục Kỹ thuật CASIO kết hợp với vốn kiến thức To&aacute;n học của c&aacute;c bạn, sẽ tạo n&ecirc;n 1 t&acirc;m l&yacute; vững v&agrave;ng khi bước v&agrave;o k&igrave; thi (tất nhi&ecirc;n l&agrave; kh&ocirc;ng được ph&eacute;p chủ quan đ&acirc;u đấy).<br />\r\n<br />\r\n<strong>C&Ocirc;NG PH&Aacute; H&Oacute;A:&nbsp;</strong></p>\r\n\r\n<ul>\r\n	<li><strong>C&ocirc;ng Ph&aacute; H&oacute;a L&yacute; Thuyết 10 - 11 - 12:</strong></li>\r\n</ul>\r\n\r\n<p>Như vậy l&agrave; c&aacute;c em đ&atilde; cầm tr&ecirc;n tay cuốn s&aacute;ch &ldquo;C&Ocirc;NG PH&Aacute; L&Iacute; THUYẾT H&Oacute;A 10-11-12&rdquo; k&egrave;m lời giải chi tiết v&agrave; b&igrave;nh luận&rdquo; sau bao th&aacute;ng ng&agrave;y mong ng&oacute;ng v&agrave; chờ đợi. Cuốn s&aacute;ch thể hiện những g&igrave; c&ocirc; đọng nhất, tinh t&uacute;y nhất của t&aacute;c giả&nbsp;<a href="https://newshop.vn/tac-gia/tran-phuong-duy-1625.html">Trần Phương Duy</a>&nbsp;v&agrave; cộng sự.&nbsp;</p>\r\n\r\n<p>NỘI DUNG CH&Iacute;NH</p>\r\n\r\n<p>Phần I: Tổng quan kiến thức</p>\r\n\r\n<p>Gồm 30 trang về nhận biết chất v&agrave; c&aacute;c phương ph&aacute;p điều chế chất hữu cơ được tr&igrave;nh b&agrave;y cụ thể trong s&aacute;ch.&nbsp;</p>\r\n\r\n<p>Phần II. Trắc nghiệm l&iacute; thuyết đại cương v&agrave; v&ocirc; cơ</p>\r\n\r\n<p>Hệ thống hơn 1000 c&acirc;u hỏi trắc nghiệm, chia đều cho c&aacute;c chuy&ecirc;n đề k&egrave;m lời giải chi tiết ngay sau mỗi chuy&ecirc;n đề. Đặc biệt, trong phần lời giải, ph&acirc;n t&iacute;ch chi tiết, ch&uacute;ng t&ocirc;i c&oacute; chắt lọc ra những nội dung quan trọng th&ocirc;ng qua &ocirc; CHEM Tip b&ecirc;n lề tr&aacute;i.&nbsp;</p>\r\n\r\n<p>Phần III: Đề &ocirc;n tập</p>\r\n\r\n<p>Sau khi r&egrave;n luyện xong bộ 1023 c&acirc;u hỏi ở phần II. C&aacute;c em tiếp tục với việc &ocirc;n luyện lại v&agrave; đo lường sự tiến bộ của m&igrave;nh th&ocirc;ng qua bộ 8 đề chọn lọc (400 c&acirc;u) m&agrave; ch&uacute;ng t&ocirc;i bi&ecirc;n soạn ra.&nbsp;</p>\r\n\r\n<ul>\r\n	<li><strong>C&ocirc;ng Ph&aacute; H&oacute;a B&agrave;i Tập 10 - 11 - 12:&nbsp;</strong></li>\r\n</ul>\r\n\r\n<p>Kể từ năm 2019, đề thi THPT quốc gia m&ocirc;n H&oacute;a c&oacute; c&aacute;c dạng b&agrave;i tập trong cả 3 lớp 10-11-12, điều n&agrave;y sẽ g&acirc;y kh&ocirc;ng &iacute;t &aacute;p lực cho c&aacute;c em học sinh. Chưa kể kiến thức về b&agrave;i tập H&oacute;a học kh&aacute; l&agrave; phức tạp v&agrave; kh&oacute; hiểu, hơn nữa c&aacute;c dạng b&agrave;i trong đề thi kh&aacute;c xa với kiến thức trong SGK. Việc tạo ra một cuốn&nbsp;<a href="https://newshop.vn/hoa-hoc"><u>s&aacute;ch luyện thi THPT quốc gia m&ocirc;n H&oacute;a</u></a>&nbsp;m&agrave; c&oacute; thể gi&uacute;p c&aacute;c em nắm chắc được to&agrave;n bộ c&aacute;c chuy&ecirc;n đề, c&aacute;c dạng b&agrave;i tập trong chương tr&igrave;nh H&oacute;a 3 lớp l&agrave; một điều hết sức cần thiết. Ch&iacute;nh v&igrave; những điều n&agrave;y đ&atilde; th&ocirc;i th&uacute;c t&ocirc;i v&agrave; nh&agrave; s&aacute;ch Lovebook c&ugrave;ng nhau phối hợp tạo n&ecirc;n cuốn s&aacute;ch &ldquo;C&ocirc;ng ph&aacute; b&agrave;i tập H&oacute;a 10-11-12&rdquo; n&agrave;y<br />\r\n&nbsp;</p>\r\n\r\n<p><strong>C&Ocirc;NG H&Oacute;A SINH:&nbsp;</strong></p>\r\n\r\n<p>So với c&aacute;c s&aacute;ch Sinh từ năm học trước, cuốn&nbsp;C&ocirc;ng Ph&aacute; L&iacute; Thuyết Sinh&nbsp;năm nay c&oacute; rất nhiều thay đổi với 5 n&eacute;t mới điển h&igrave;nh sau:</p>\r\n\r\n<p>- Thứ nhất,&nbsp;to&agrave;n bộ những nội dung l&iacute; thuyết, c&acirc;u hỏi cần thiết trong lớp 10, lớp 11 v&agrave; lớp 12 c&oacute; thể xuất hiện trong đề của BGD 2019, 2020 đều được ch&uacute;ng t&ocirc;i cập nhật đầy đủ.</p>\r\n\r\n<p>- Thứ hai,&nbsp;đưa hệ thống gửi t&agrave;i liệu, đ&aacute;p &aacute;n chi tiết v&agrave;o hoạt động. Ngo&agrave;i đ&aacute;p &aacute;n chi tiết duy nhất hai đề cuối s&aacute;ch, ch&uacute;ng t&ocirc;i c&ograve;n gửi bổ sung rất nhiều t&agrave;i liệu v&agrave; đề thi thử chọn lọc c&aacute;c trường để c&aacute;c em tham khảo th&ecirc;m. Khi nhận được s&aacute;ch, c&aacute;c em nhớ khai b&aacute;o ch&iacute;nh h&atilde;ng.</p>\r\n\r\n<p>- Thứ ba,&nbsp;ch&uacute;ng t&ocirc;i ch&uacute; trọng nhiều hơn tới những kiến thức, l&iacute; thuyết quan trọng. Lần đầu ti&ecirc;n, ch&uacute;ng t&ocirc;i đưa những nội dung quan trọng ra lề tr&aacute;i để c&aacute;c em dễ d&agrave;ng ghi nhớ kiến thức quan trọng s&acirc;u trong t&acirc;m tr&iacute;.</p>\r\n\r\n<p>- Thứ tư,&nbsp;hệ thống Group giải đ&aacute;p ri&ecirc;ng biệt được đưa v&agrave;o sử dụng. Gặp vấn đề kh&oacute;, c&aacute;c em chỉ cần nhắn tin cho fan page: Lovebook Care - m&ocirc;n Sinh. Đội ngũ chăm s&oacute;c học sinh sẽ lu&ocirc;n sẵn s&agrave;ng giải đ&aacute;p.</p>\r\n\r\n<p>- Thứ năm,&nbsp;tất cả c&aacute;c b&agrave;i tập trong s&aacute;ch đều c&oacute; lời giải chi tiết để c&aacute;c em tiện tra cứu.&nbsp;</p>\r\n\r\n<p>Với những sự kh&aacute;c biệt từ nội dung tới h&igrave;nh thức, tới c&aacute;ch thức hỗ trợ sau khi mua s&aacute;ch, ch&uacute;ng t&ocirc;i tin tưởng chắc chắn rằng&nbsp;C&Ocirc;NG PH&Aacute; B&Agrave;I TẬP SINH LỚP 10-11-12&nbsp;v&agrave;&nbsp;C&Ocirc;NG PH&Aacute; L&Iacute; THUYẾT SINH LỚP 10-11-12&nbsp;sẽ gi&uacute;p c&aacute;c em tự tin với m&ocirc;n Sinh hơn trong mọi k&igrave; thi. H&atilde;y đọc v&agrave; cảm nhận t&acirc;m huyết tr&ecirc;n từng trang s&aacute;ch của ch&uacute;ng t&ocirc;i ngay từ b&acirc;y giờ qu&yacute; thầy c&ocirc; v&agrave; c&aacute;c em nh&eacute;!<br />\r\n&nbsp;</p>', 35, 'HSufs3tBnueFFWaCwc8cCfPSSu38YCjIQONkcdjk.jpeg', 40, '2018-11-12 18:40:20', 0, 0, 1, 0, NULL, NULL),
(81, NULL, 'COMBO CÔNG PHÁ LÍ THUYẾT + BÀI TẬP SINH LỚP 10 - 11 - 12', '368000', 10, 'Combo Công Phá Lí Thuyết + Bài Tập Sinh Lớp 10 - 11 - 12 sẽ giúp các em tự tin với môn Sinh hơn trong mọi kì thi. Hãy đọc và cảm nhận tâm huyết trên từng trang sách ngay từ bây giờ các em nhé!', '<p><strong>Combo C&ocirc;ng Ph&aacute; L&iacute; Thuyết + B&agrave;i Tập Sinh Lớp 10 - 11 - 12</strong></p>\r\n\r\n<p>&nbsp;</p>\r\n\r\n<p><strong>Combo C&ocirc;ng Ph&aacute; L&iacute; Thuyết + B&agrave;i Tập Sinh Học Lớp 10 - 11 - 12 gồm 2 cuốn:</strong><br />\r\n<a href="https://newshop.vn/cong-pha-li-thuyet-sinh-lop-10-11-12.html">&diams; C&Ocirc;NG PH&Aacute; L&Iacute; THUYẾT SINH LỚP 10-11-12</a><br />\r\n<a href="https://newshop.vn/cong-pha-bai-tap-sinh-lop-10-11-12.html">&diams; C&Ocirc;NG PH&Aacute; B&Agrave;I TẬP SINH LỚP 10-11-12</a><br />\r\n<br />\r\n&nbsp;</p>\r\n\r\n<p><img alt="Combo Công Phá Lí Thuyết + Bài Tập Sinh Lớp 10 - 11 - 12" src="https://newshop.vn/public/uploads/content/cong-pha-li-thuyet-+-bai-tap-sinh-10-11-12.jpg" /><br />\r\n&nbsp;</p>\r\n\r\n<p>So với c&aacute;c s&aacute;ch Sinh từ năm học trước, cuốn<strong>&nbsp;C&ocirc;ng Ph&aacute; L&iacute; Thuyết Sinh</strong>&nbsp;năm nay c&oacute; rất nhiều thay đổi với 5 n&eacute;t mới điển h&igrave;nh sau:</p>\r\n\r\n<p><strong>- Thứ nhất,</strong>&nbsp;to&agrave;n bộ những nội dung l&iacute; thuyết, c&acirc;u hỏi cần thiết trong lớp 10, lớp 11 v&agrave; lớp 12 c&oacute; thể xuất hiện trong đề của BGD 2019, 2020 đều được ch&uacute;ng t&ocirc;i cập nhật đầy đủ.</p>\r\n\r\n<p><strong>- Thứ hai,</strong>&nbsp;đưa hệ thống gửi t&agrave;i liệu, đ&aacute;p &aacute;n chi tiết v&agrave;o hoạt động. Ngo&agrave;i đ&aacute;p &aacute;n chi tiết duy nhất hai đề cuối s&aacute;ch, ch&uacute;ng t&ocirc;i c&ograve;n gửi bổ sung rất nhiều t&agrave;i liệu v&agrave; đề thi thử chọn lọc c&aacute;c trường để c&aacute;c em tham khảo th&ecirc;m. Khi nhận được s&aacute;ch, c&aacute;c em nhớ khai b&aacute;o ch&iacute;nh h&atilde;ng.</p>\r\n\r\n<p><strong>- Thứ ba,</strong>&nbsp;ch&uacute;ng t&ocirc;i ch&uacute; trọng nhiều hơn tới những kiến thức, l&iacute; thuyết quan trọng. Lần đầu ti&ecirc;n, ch&uacute;ng t&ocirc;i đưa những nội dung quan trọng ra lề tr&aacute;i để c&aacute;c em dễ d&agrave;ng ghi nhớ kiến thức quan trọng s&acirc;u trong t&acirc;m tr&iacute;.</p>\r\n\r\n<p><strong>- Thứ tư,</strong>&nbsp;hệ thống Group giải đ&aacute;p ri&ecirc;ng biệt được đưa v&agrave;o sử dụng. Gặp vấn đề kh&oacute;, c&aacute;c em chỉ cần nhắn tin cho fan page: Lovebook Care - m&ocirc;n Sinh. Đội ngũ chăm s&oacute;c học sinh sẽ lu&ocirc;n sẵn s&agrave;ng giải đ&aacute;p.</p>\r\n\r\n<p><strong>- Thứ năm,</strong>&nbsp;tất cả c&aacute;c b&agrave;i tập trong s&aacute;ch đều c&oacute; lời giải chi tiết để c&aacute;c em tiện tra cứu.&nbsp;</p>\r\n\r\n<p>Với những sự kh&aacute;c biệt từ nội dung tới h&igrave;nh thức, tới c&aacute;ch thức hỗ trợ sau khi mua s&aacute;ch, ch&uacute;ng t&ocirc;i tin tưởng chắc chắn rằng<strong>&nbsp;C&Ocirc;NG PH&Aacute; B&Agrave;I TẬP SINH LỚP 10-11-12</strong>&nbsp;v&agrave;&nbsp;<strong>C&Ocirc;NG PH&Aacute; L&Iacute; THUYẾT SINH LỚP 10-11-12</strong>&nbsp;sẽ gi&uacute;p c&aacute;c em tự tin với m&ocirc;n Sinh hơn trong mọi k&igrave; thi. H&atilde;y đọc v&agrave; cảm nhận t&acirc;m huyết tr&ecirc;n từng trang s&aacute;ch của ch&uacute;ng t&ocirc;i ngay từ b&acirc;y giờ qu&yacute; thầy c&ocirc; v&agrave; c&aacute;c em nh&eacute;!</p>', 35, 'jptOsBZbAvWic45yOZOknwVzJPHDbfxKJlauYjlT.jpeg', 40, '2018-11-12 18:41:35', 0, 0, 1, 0, NULL, NULL),
(82, NULL, 'COMBO CÔNG PHÁ VẬT LÍ 1-2-3 ( LỚP 10-11-12)', '457000', 10, 'Combo Công Phá Vật Lí 1-2-3 ( Lớp 10-11-12) sẽ là cẩm nang học tập bổ ích, là hành tranh không thể thiếu đồng hành cùng các em học sinh cho kì thi THPT Quốc Gia 2019 sắp tới.', '<p><strong>Combo C&ocirc;ng Ph&aacute; Vật L&iacute; 1-2-3 ( Lớp 10-11-12)<br />\r\n<img alt="Combo Công Phá Vật Lí 1-2-3 ( Lớp 10-11-12)" src="https://newshop.vn/public/uploads/content/png5bcd516fb95a3.png" /></strong></p>\r\n\r\n<p>&quot;C&ocirc;ng Ph&aacute; L&iacute; 1&quot;&nbsp;(Lớp 10) gồm 7 chủ đề: Động học chất điểm, Động lực học chất điểm, C&acirc;n bằng v&agrave; chuyển động của vật rắn, C&aacute;c định luật bảo to&agrave;n, Chất kh&iacute;, Cơ sở của nhiệt động lực học, Chất rắn v&agrave; chất lỏng, sự chuyển thể<br />\r\n<br />\r\nỞ mỗi chủ đề, c&aacute;c em sẽ được &ocirc;n lại trọng t&acirc;m kiến thức, tham khảo c&aacute;c v&iacute; dụ minh họa v&agrave; l&agrave;m c&aacute;c b&agrave;i tập &ocirc;n luyện&nbsp; nhằm gi&uacute;p c&aacute;c em vận dụng đươc b&agrave;i học v&agrave;o c&aacute;c dạng b&agrave;i tập kh&aacute;c nhau. Đan xen giữa nội dung b&agrave;i học, b&agrave;i tập, c&aacute;c em sẽ c&oacute; c&aacute;c đề kiểm tra tổng hợp kiến thức, c&aacute;c em sẽ tự tin hơn trong việc l&agrave;m b&agrave;i.<br />\r\n<br />\r\n&quot;C&ocirc;ng Ph&aacute; L&iacute; 2&quot;&nbsp;(Lớp 11) sẽ gi&uacute;p c&aacute;c em nắm chắc phương ph&aacute;p giải nhanh c&aacute;c dạng c&acirc;u hỏi trắc nghiệm Vật L&iacute; lớp 11, x&acirc;y dựng nền tảng vững chắc chuẩn bị cho k&igrave; thi THPT Quốc gia 2019. B&ecirc;n cạnh đ&oacute;, cuốn s&aacute;ch c&ograve;n tặng k&egrave;m t&agrave;i liệu, đề thi học k&igrave; chọn lọc để c&aacute;c em c&oacute; thể luyện tập phương ph&aacute;p l&agrave;m b&agrave;i, giải đề thi một c&aacute;ch thường xuy&ecirc;n, hiệu quả.<br />\r\n<br />\r\nCuốn s&aacute;ch gồm 7 phần: Điện t&iacute;ch - điện trường, D&ograve;ng điện kh&ocirc;ng đổi, D&ograve;ng điện trong c&aacute;c m&ocirc;i trường, Từ trường, Cảm ứng điện từ, Kh&uacute;c xạ &aacute;nh s&aacute;ng, Mắt v&agrave; c&aacute;c dụng cụ quang học.<br />\r\n<br />\r\n&quot;C&ocirc;ng Ph&aacute; Vật L&iacute; 3&quot;&nbsp;(Lớp 12)&nbsp; sẽ gi&uacute;p c&aacute;c em nắm chắc phương ph&aacute;p giải nhanh c&aacute;c dạng c&acirc;u hỏi trắc nghiệm Vật l&iacute; lớp 12, x&acirc;y dựng nền tảng vững chắc chuẩn bị cho k&igrave; thi THPT Quốc gia 2019 sắp tới. B&ecirc;n cạnh đ&oacute;, cuốn s&aacute;ch c&ograve;n tặng k&egrave;m t&agrave;i liệu, đề thi học k&igrave; chọn lọc, gi&uacute;p c&aacute;c em tự tin hơn trong c&aacute;c k&igrave; thi.<br />\r\n<br />\r\nCuốn s&aacute;ch gồm 11 phần: C&aacute;c phương ph&aacute;p giải vật l&iacute;, Dao động cơ, S&oacute;ng cơ, Dao động v&agrave; s&oacute;ng điện từ, D&ograve;ng điện xoay chiều, S&oacute;ng &aacute;nh s&aacute;ng, Lượng tử &aacute;nh s&aacute;ng, Sơ lược về thuyết tương đối hẹp, Hạt nh&acirc;n nguy&ecirc;n tử, B&agrave;i tập chuy&ecirc;n đề đồ thị, Chuy&ecirc;n đề th&iacute; nghiệm thực h&agrave;nh.<br />\r\n&nbsp;</p>', 35, 'QMWStzj71CHIJ07O3Jehw7iOWlkl9vhtxNaAOgUl.jpeg', 40, '2018-11-12 18:44:34', 0, 0, 1, 0, NULL, NULL),
(83, NULL, 'Công phá đề thi tiếng anh 2018(LB85)', '150000', 10, 'Cuốn sách Công Phá Đề Thi Tiếng Anh do đội ngũ các cô giáo từ các trường chuyên biên soạn, bao gồm 30 đề thi Tiếng Anh, có giải chi tiết của từng đề, giúp học sinh ôn tập và bổ sung thêm kiến thức mới dễ dàng và hiệu quả hơn.\r\n\r\nHọc qua cuốn sách này các em học sinh sẽ được hệ thống chương trình môn Tiếng Anh, tất cả những vấn đề sẽ đều được giải đáp, các em sẽ được củng cố kiến thức của mình và trang bị cho mình vốn kiến thức cần thiết để tham gia vào các kỳ thi quan trọng.', '<p>C&ocirc;ng ph&aacute; đề thi tiếng anh 2018</p>', 20, 'gjmfuGEQTJa4teBAdYr7HYCxJoEX5dk6NwhbzffS.jpeg', 40, '2018-11-04 12:56:58', 0, 0, 1, 0, NULL, NULL),
(84, NULL, 'CÔNG PHÁ TIẾNG ANH 3(LB73)', '150000', 10, 'Cùng với Công Phá Tiếng Anh 1, Công Phá Tiếng Anh 2, cuốn Công Phá Tiếng Anh 3 sẽ giúp các em tự tin hơn với bộ môn tiếng Anh ở THPT. \r\n\r\nNếu như cuốn 1 cho các em một nền tảng vững chắc về Ngữ Pháp cùng những dạng bài tập phổ biến hay xuất hiện trong kì thi THPT Quốc gia, cuốn 2 cho các em một nền tảng vững chắc về từ vựng ở cả 3 lớp và với những dạng bài tập liên quan tới từ vựng, thành ngữ, cụm động từ thì cuốn CÔNG PHÁ TIẾNG ANH 3 sẽ giúp các em hoàn thiện', '<p>C&ocirc;ng ph&aacute; tiếng anh 3</p>', 20, 'x9z5NeY8Q5as2y9SyxxTrJhoT3ves5B8jJzCH3Uc.png', 50, '2018-11-04 12:45:15', 0, 0, 1, 0, NULL, NULL),
(85, NULL, 'CÔNG PHÁ TIẾNG ANH 2(LB72)', '150000', 10, 'ác bạn đang cầm trên tay cuốn “Công phá Tiếng Anh 2” – cuốc sách dành tặng cho các em học sinh THPT – người cần trau dồi kiến thức TỪ VỰNG tiếng Anh một cách toàn diện, hệ thống và khoa học nhất để chinh phục kì thi THPT quốc gia.', '<p>C&ocirc;ng ph&aacute; tiếng anh 2</p>', 20, 'ZyhUoft6kahcxcMA73Mdlz5KvAekc3adSeg9Bphw.png', 50, '2018-11-04 12:46:29', 0, 0, 1, 0, NULL, NULL),
(86, NULL, 'CÔNG PHÁ TIẾNG ANH 1(LB71)', '150000', 10, 'Học qua cuốn sách này các em học sinh sẽ được hệ thống chương trình môn Tiếng Anh, tất cả những vấn đề sẽ đều được giải đáp, các em sẽ được củng cố kiến thức của mình và trang bị cho mình vốn kiến thức cần thiết để tham gia vào các kỳ thi quan trọng.\r\n\r\nMục lục Công Phá Tiếng Anh - Tập 1:\r\n\r\nPhần 1: Các chủ đề ngữ pháp\r\nPhần 2: Phân tích cấu trúc đề thi\r\nPhần 3: Đề luyện tập tổng hợp\r\nPhần 4: Một số cấu trúc thông dụng', '<p>C&ocirc;ng ph&aacute; tiếng anh 1</p>', 20, 'KeYXeGDmhd6XzdTgXhBsXkFwChycodJN3cHyw1Qt.png', 50, '2018-11-04 12:48:15', 0, 0, 1, 0, NULL, NULL),
(87, NULL, 'CÔNG PHÁ ĐỀ SINH 2018(LB84)', '150000', 10, 'Công phá đề sinh 2018', '<p>C&ocirc;ng ph&aacute; đề sinh 2018</p>', 20, 'vPeT1bzBkevMbosFDJSzNiknXMzitbKWZda45NbI.jpeg', 40, '2018-11-04 12:58:03', 0, 0, 1, 0, NULL, NULL),
(88, NULL, 'CÔNG PHÁ BÀI TẬP SINH(LB61)', '160000', 10, 'Với những sự khác biệt từ nội dung tới hình thức, tới cách thức hỗ trợ sau khi mua sách, chúng tôi tin tưởng chắc chắn rằng CÔNG PHÁ BÀI TẬP SINH 10-11-12 và CÔNG PHÁ LÍ THUYẾT SINH 10-11-12 sẽ giúp các em tự tin với môn Sinh hơn trong mọi kì thi. Hãy đọc và cảm nhận tâm huyết trên từng trang sách của chúng tôi ngay từ bây giờ quý độc giả nhé!', '<p>C&ocirc;ng ph&aacute; b&agrave;i tập sinh</p>', 20, 'LDVypD60NsiAuXf2rMppNPM6J8cPuvLyhfpS4r6G.png', 50, '2018-11-04 12:25:17', 0, 0, 1, 0, NULL, NULL),
(89, NULL, 'CÔNG PHÁ LÝ THUYẾT SINH(LB62)', '150000', 10, 'CÔNG PHÁ LÍ THUYẾT SINH LỚP 10-11-12 sẽ giúp các em tự tin với môn Sinh hơn trong mọi kì thi. Hãy đọc và cảm nhận tâm huyết trên từng trang sách ngay từ bây giờ các em nhé', '<p><strong>C&ocirc;ng Ph&aacute; L&iacute; Thuyết Sinh Lớp 10-11-12​<br />\r\n<img alt="Công Phá Lí Thuyết Sinh Lớp 10-11-12​" src="https://newshop.vn/public/uploads/content/c%C3%B4ng%20ph%C3%A1%20l%C3%AD%20thuy%E1%BA%BFt%20sinh%2010-11-12.png" /></strong></p>\r\n\r\n<p>Kể từ k&igrave; thi THPT quốc gia 2019 trở đi, ngo&agrave;i nội dung chương tr&igrave;nh lớp 12, c&aacute;c em sẽ phải đối mặt với cả nội dung lớp 11 v&agrave; lớp 10 nữa. Ngo&agrave;i &yacute; ch&iacute; quyết t&acirc;m, ki&ecirc;n tr&igrave;, việc c&oacute; được 1&nbsp; cuốn cũng rất cần thiết. Ch&iacute;nh v&igrave; điều n&agrave;y, t&ocirc;i v&agrave; c&aacute;c th&agrave;nh vi&ecirc;n trong nh&agrave; s&aacute;ch Lovebook đ&atilde; bắt tay l&agrave;m việc nghi&ecirc;m t&uacute;c trong 4 th&aacute;ng li&ecirc;n tiếp để ho&agrave;n thiện bộ C&ocirc;ng Ph&aacute; Sinh (gồm 2 cuốn):&nbsp;<strong>C&Ocirc;NG PH&Aacute; B&Agrave;I TẬP SINH LỚP 10-11-12</strong>,&nbsp;<strong>C&Ocirc;NG PH&Aacute; L&Iacute; THUYẾT SINH LỚP 10-11-12.&nbsp;</strong></p>\r\n\r\n<p>So với c&aacute;c s&aacute;ch Sinh từ năm học trước, cuốn C&ocirc;ng Ph&aacute; L&iacute; Thuyết Sinh năm nay c&oacute; rất nhiều thay đổi với 5 n&eacute;t mới điển h&igrave;nh sau:</p>\r\n\r\n<p>- Thứ nhất, to&agrave;n bộ những nội dung l&iacute; thuyết, c&acirc;u hỏi cần thiết trong lớp 10, lớp 11 v&agrave; lớp 12 c&oacute; thể xuất hiện trong đề của BGD 2019, 2020 đều được ch&uacute;ng t&ocirc;i cập nhật đầy đủ.</p>\r\n\r\n<p>- Thứ hai, đưa hệ thống gửi t&agrave;i liệu, đ&aacute;p &aacute;n chi tiết v&agrave;o hoạt động. Ngo&agrave;i đ&aacute;p &aacute;n chi tiết duy nhất hai đề cuối s&aacute;ch, ch&uacute;ng t&ocirc;i c&ograve;n gửi bổ sung rất nhiều t&agrave;i liệu v&agrave; đề thi thử chọn lọc c&aacute;c trường để c&aacute;c em tham khảo th&ecirc;m. Khi nhận được s&aacute;ch, c&aacute;c em nhớ khai b&aacute;o ch&iacute;nh h&atilde;ng.</p>\r\n\r\n<p>- Thứ ba, ch&uacute;ng t&ocirc;i ch&uacute; trọng nhiều hơn tới những kiến thức, l&iacute; thuyết quan trọng. Lần đầu ti&ecirc;n, ch&uacute;ng t&ocirc;i đưa những nội dung quan trọng ra lề tr&aacute;i để c&aacute;c em dễ d&agrave;ng ghi nhớ kiến thức quan trọng s&acirc;u trong t&acirc;m tr&iacute;.</p>\r\n\r\n<p>- Thứ tư, hệ thống Group giải đ&aacute;p ri&ecirc;ng biệt được đưa v&agrave;o sử dụng. Gặp vấn đề kh&oacute;, c&aacute;c em chỉ cần nhắn tin cho fan page: Lovebook Care - m&ocirc;n Sinh. Đội ngũ chăm s&oacute;c học sinh sẽ lu&ocirc;n sẵn s&agrave;ng giải đ&aacute;p.</p>\r\n\r\n<p>- Thứ năm, tất cả c&aacute;c b&agrave;i tập trong s&aacute;ch đều c&oacute; lời giải chi tiết để c&aacute;c em tiện tra cứu.&nbsp;</p>\r\n\r\n<p>Với những sự kh&aacute;c biệt từ nội dung tới h&igrave;nh thức, tới c&aacute;ch thức hỗ trợ sau khi mua s&aacute;ch, ch&uacute;ng t&ocirc;i tin tưởng chắc chắn rằng C&Ocirc;NG PH&Aacute; B&Agrave;I TẬP SINH LỚP 10-11-12 v&agrave; C&Ocirc;NG PH&Aacute; L&Iacute; THUYẾT SINH LỚP 10-11-12 sẽ gi&uacute;p c&aacute;c em tự tin với m&ocirc;n Sinh hơn trong mọi k&igrave; thi. H&atilde;y đọc v&agrave; cảm nhận t&acirc;m huyết tr&ecirc;n từng trang s&aacute;ch của ch&uacute;ng t&ocirc;i ngay từ b&acirc;y giờ qu&yacute; thầy c&ocirc; v&agrave; c&aacute;c em nh&eacute;!<br />\r\n&nbsp;</p>', 20, 'wRszWRor7iTn2fN7LMtzAnolw89jFjgbT70MBAAH.png', 40, '2018-11-04 12:23:35', 0, 0, 1, 0, NULL, NULL),
(90, NULL, 'CÔNG PHÁ ĐỀ HÓA 2018(LB83)', '150000', 10, 'Tài liệu gồm có\r\n\r\nPhần I: Một số con đường tư duy NAP đặc sắc bao gồm rất nhiều tư duy giải nhanh Hóa Học.\r\n\r\nPhần II: 6 đề thi minh họa môn Hóa Học năm 2018 có đáp án giải chi tiết.', '<p>C&ocirc;ng ph&aacute; đề h&oacute;a 2018</p>', 20, 'OoYs5pwSs7sjFcBi2PRSY0jwhoMVTcO89SX1wsuN.jpeg', 40, '2018-11-04 12:58:54', 0, 0, 1, 0, NULL, NULL),
(91, NULL, 'CÔNG PHÁ LÝ THUYẾT HÓA(LB18)', '120000', 10, 'Như vậy là các em đã cầm trên tay cuốn sách “CÔNG PHÁ LÍ THUYẾT HÓA 10-11-12” kèm lời giải chi tiết và bình luận” sau bao tháng ngày mong ngóng và chờ đợi. Cuốn sách thể hiện những gì cô đọng nhất, tinh túy nhất của tác giả Trần Phương Duy và cộng sự. Chúng tôi hy vọng đây sẽ là bảo bối không thể thiếu trong quá trình ôn tập môn Hóa, hướng tới các kì thi THPT. Với gần 500 trang sách, chúng tôi đã nỗ lực cô đọng những gì cần thiết nhất, hay nhất để các em tối ưu việc học', '<p>C&ocirc;ng ph&aacute; l&yacute; thuyết h&oacute;a</p>', 20, 'tmBIPbXTJG6kMCN6Dyf3OxJPP9IxXLxQsUaY9HG3.png', 50, '2018-11-04 12:42:25', 0, 0, 1, 0, NULL, NULL),
(92, NULL, 'CÔNG PHÁ BÀI TẬP HÓA(LB17)', '200000', 10, 'Kể từ năm 2019, đề thi THPT quốc gia môn Hóa có các dạng bài tập trong cả 3 lớp 10-11-12, điều này sẽ gây không ít áp lực cho các em học sinh. Chưa kể kiến thức về bài tập Hóa học khá là phức tạp và khó hiểu, hơn nữa các dạng bài trong đề thi khác xa với kiến thức trong SGK. Việc tạo ra một cuốn sách duy nhất mà có thể giúp các em nắm chắc được toàn bộ các chuyên đề, các dạng bài tập trong chương trình Hóa 3 lớp là một điều hết sức cần thiết', '<p>C&ocirc;ng ph&aacute; b&agrave;i tập h&oacute;a</p>', 20, '4W82dzWKtjUTCbtstgQLA19RtS4hoTYAz8a9YYJS.png', 50, '2018-11-04 12:41:25', 0, 0, 1, 0, NULL, NULL),
(93, NULL, 'CÔNG PHÁ ĐỀ LÝ 2018(LB82)', '150000', 10, 'Trong các môn thi tự chọn ở kỳ thi Tốt nghiệp THPT thì môn Vật lí được học sinh chọn nhiều nhất, và các em có thể tổ hợp thành khối A (Toán - Lí - Hóa) hoặc khối D1 (Toán - Lí - Anh) để xét tuyển vào rất nhiều trường Đại học, Cao đẳng trong cả nước với nhiều ngành nghề khác nhau.\r\n\r\nCũng không ngoài mục đích tạo nguồn tài liệu ôn tập cho các em trước kỳ thi lớn, tác giả biên soạn cuốn sách này với mong muốn các em có thể tự học môn Vật lí dễ dàng hơn, ôn tập hiệu quả hơn.', '<p>C&ocirc;ng ph&aacute; đề l&yacute; 2018</p>', 20, 'CynzLZ3yuhV306Fqc2eofXLbTLEXmS9bYQohbZpS.jpeg', 40, '2018-11-04 12:59:30', 0, 0, 1, 0, NULL, NULL),
(94, NULL, 'CÔNG PHÁ LÝ 3(LB37)', '200000', 10, 'Bạn đang cầm trên tay cuốn sách “Công phá Vật Lí 3”. Cuốn sách được viết bởi một tác giả đam mê Vật lí từ hồi học phổ thông, theo chuyên ngành Sư phạm Vật lí trường Đại học Sư phạm Hà Nội và đến hiện tại vẫn cháy với đam mê đó. Cuốn sách này là tổng hợp những kiến thức, kinh nghiệm mà tác giả tích lũy từ hồi học phổ thông; khi tham gia các diễn đàn, các nhóm Vật lí trên mạng; khi tham gia giảng dạy.', '<p>C&ocirc;ng ph&aacute; l&yacute; 3</p>', 20, 'NcOkWomE8pUVn0oqfPT0mOygJPxnewuy07BJL6PP.jpeg', 50, '2018-11-04 12:54:41', 0, 0, 1, 0, NULL, NULL),
(95, NULL, 'CÔNG PHÁ LÝ 2(LB36)', '120000', 10, 'Bạn đang cầm trên tay cuốn sách “Công phá Vật Lí 2”, cuốn sách tham khảo viết về các dạng bài tập trắc nghiệm Vật lí lớp 11 để phục vụ tốt nhất cho kì thi THPT Quốc gia. Cuốn sách được viết bởi một tác giả đam mê Vật lí từ hồi học phổ thông, theo chuyên ngành Sư phạm Vật lí trường Đại học Sư phạm Hà Nội và hiện tại đang là giáo viên Vật lí, vẫn cháy với đam mê đó.', '<p>C&ocirc;ng ph&aacute; l&yacute; 2</p>', 20, '0TkjlQwz4mHI5MAa7HCNjXBSOA0oVVc5n6yWdYCb.png', 50, '2018-11-04 12:44:12', 0, 0, 1, 0, NULL, NULL),
(96, NULL, 'CÔNG PHÁ LÝ 1 (LB35)', '110000', 10, 'Từ năm học 2018-2019, nội dung môn Vật lý thuộc bài thi Tổ hợp Khoa học Tự nhiên không những bao gồm kiến thức Vật lý 11 và 12 mà còn cả nội dung kiến thức Vật lý 10. Do vậy, để giúp các em học sinh trong ôn luyện, chuẩn bị tốt cho kỳ thi THPT Quốc gia trong năm học tới và các năm học tiếp theo, cũng như trong quá trình học tập môn Vật lý 10,  chúng tôi biên soạn cuốn “Công phá Vật Lí 1”. Đây là cuốn đầu tiên trong bộ CÔNG PHÁ VẬT LÍ', '<p>C&ocirc;ng ph&aacute; l&yacute; 1</p>', 20, 'oipCo3NpfgRGqwdLlm25CT83TNUGRJK5JWuZi3Fh.png', 50, '2018-11-04 12:43:28', 0, 0, 1, 0, NULL, NULL);
INSERT INTO `sanpham` (`id_sp`, `ma_sp`, `namesp`, `gia`, `chiase`, `preview_text`, `detail_text`, `id_cat`, `picture`, `giamgia`, `date`, `count_number`, `daban`, `active`, `slide`, `date_start`, `date_finish`) VALUES
(99, NULL, 'CÔNG PHÁ ĐỀ TOÁN 2018 (LB81)', '150000', 10, 'Công phá đề toán 2018', '<p style="margin-left:0px; margin-right:0px; text-align:justify"><span style="font-size:13px"><span style="color:#242424"><span style="font-family:Roboto,Helvetica,Arial,sans-serif"><strong>C&ocirc;ng Ph&aacute; Đề Thi THPT Quốc Gia 2018 M&ocirc;n To&aacute;n Học</strong></span></span></span></p>\r\n\r\n<p style="margin-left:0px; margin-right:0px; text-align:justify"><span style="font-size:13px"><span style="color:#242424"><span style="font-family:Roboto,Helvetica,Arial,sans-serif">C&aacute;c đề thi được x&acirc;y dựng dựa tr&ecirc;n những b&agrave;i to&aacute;n mang t&iacute;nh chọn lọc, đa dạng v&agrave; mang t&iacute;nh cập nhật. Mỗi b&agrave;i to&aacute;n đều được giải cụ thể, dễ hiểu. Đặc biệt những b&agrave;i to&aacute;n chọn lọc, điển h&igrave;nh th&igrave; sẽ được ph&acirc;n t&iacute;ch tư duy giải cũng như giới thiệu phương ph&aacute;p giải được sử dụng trong b&agrave;i to&aacute;n. Thế n&ecirc;n những mảng kiến thức được đ&aacute;nh gi&aacute; l&agrave; kh&oacute; hơn như H&igrave;nh học phẳng Oxy, Phương tr&igrave;nh - Bất phương tr&igrave;nh - Hệ phương tr&igrave;nh v&agrave; Bất đẳng thức sẽ được t&aacute;c giả ph&acirc;n t&iacute;ch hướng giải cụ thể. Những b&agrave;i to&aacute;n phổ biến hơn th&igrave; sẽ c&oacute; c&aacute;c b&agrave;i tập tương tự, b&agrave;i tập mở rộng hay tổng qu&aacute;t dạng to&aacute;n.</span></span></span></p>', 20, 'IpPHeKgic6n3XCUcz6UEROnfxEXWspnlKGbUUbH4.jpeg', 40, '2018-11-04 12:59:58', 0, 0, 1, 0, NULL, NULL),
(100, NULL, 'CÔNG PHÁ TOÁN 3(LB53)', '190000', 10, 'Công Phá Toán là cuốn sách luyện thi môn toán hiệu quả, giúp các em làm quen với hình thức thi trắc nghiệm và vận dụng tối đa các phương pháp làm bài nhanh và chính xác nhất.', '<p><strong>C&ocirc;ng Ph&aacute; To&aacute;n 3</strong><br />\r\n<br />\r\n<br />\r\n<img alt="" src="https://newshop.vn/public/uploads/content/png5bb347938a684.png" /></p>\r\n\r\n<p><br />\r\n<br />\r\nĐ&acirc;y l&agrave; cuốn s&aacute;ch luyện thi mới nhất của&nbsp;&nbsp;<strong><em><a href="https://newshop.vn/nha-san-xuat/nha-sach-lovebook-29.html">nh&agrave; s&aacute;ch Lovebook</a>&nbsp;</em></strong>gi&uacute;p c&aacute;c em học sinh nắm chắc tư duy giải nhanh c&aacute;c dạng to&aacute;n 12 v&agrave; th&acirc;u t&oacute;m to&agrave;n bộ b&agrave;i tập chọn lọc b&agrave;i tập từ 200 đề thi thử mới nhất. Cuốn s&aacute;ch l&agrave; đứa con tinh thần của bạn Ngọc Huyền - một sinh vi&ecirc;n ưu t&uacute; của ng&ocirc;i trường l&agrave; c&aacute;i n&ocirc;i của biết bao thế hệ giảng vi&ecirc;n xuất sắc, trường Đại Học Sư phạm H&agrave; Nội. T&aacute;c giả l&agrave; sinh vi&ecirc;n c&oacute; những th&agrave;nh t&iacute;ch cao trong học tập v&agrave; cũng ch&iacute;nh nhiệt huyết của tuổi trẻ đ&atilde; mang đến cho bạn đọc những kinh nghiệm của bản th&acirc;n, chia sẻ tri thức, phần n&agrave;o gi&uacute;p c&aacute;c em học sinh hiện nay tự tin hơn khi&nbsp;<strong><em><a href="https://newshop.vn/toan-hoc">luyện thi m&ocirc;n To&aacute;n</a></em></strong>.&nbsp;Với t&acirc;m th&aacute;i đ&oacute;, t&aacute;c giả dễ d&agrave;ng nắm bắt t&acirc;m l&iacute; học tập v&agrave; lối tư duy của c&aacute;c em để bi&ecirc;n soạn n&ecirc;n cuốn s&aacute;ch n&agrave;y với những phương ph&aacute;p v&agrave; kĩ năng l&agrave;m b&agrave;i dễ hiểu v&agrave; dễ &aacute;p dụng, tối ưu h&oacute;a được thời gian khi l&agrave;m b&agrave;i.</p>\r\n\r\n<p><br />\r\n<u><em><strong>C&ocirc;ng ph&aacute; To&aacute;n</strong></em></u>&nbsp;gi&uacute;p c&aacute;c em được những g&igrave;?</p>\r\n\r\n<ul>\r\n	<li>Hệ thống to&agrave;n bộ phương ph&aacute;p, tư duy giải to&aacute;n cần thiết trong chương tr&iacute;nh lớp 12, những lưu &yacute; cho c&aacute;c em thường hay nhầm lẫn trong qu&aacute; tr&igrave;nh l&agrave;m b&agrave;i.</li>\r\n	<li>Nắm vững to&agrave;n bộ những vấn đề hay nhất, cần thiết nhất g&oacute;i gọn trong 200 đề thi thử được tr&iacute;ch từ c&aacute;c trường chuy&ecirc;n tr&ecirc;n to&agrave;n quốc, với ti&ecirc;u ch&iacute; b&aacute;m s&aacute;t cấu tr&uacute;c đề thi của Bộ GD v&agrave; ĐT. Cuốn s&aacute;ch sẽ gi&uacute;p c&aacute;c em s&agrave;ng lọc những vấn đề quan trọng v&agrave; cần phải học để tiết kiệm thời gian.&nbsp;</li>\r\n	<li>Nắm vững được những kĩ năng xử l&iacute; b&agrave;i tập tr&ecirc;n m&aacute;y t&iacute;nh cầm tay CASIO dự tr&ecirc;n hướng tư duy cho mỗi b&agrave;i to&aacute;n</li>\r\n	<li>T&iacute;ch hợp hệ thống gửi t&agrave;i liệu qua mail, mail đ&aacute;p &aacute;n chi tiết 10 đề tự luyện theo tr&igrave;nh tự thời gian.</li>\r\n</ul>\r\n\r\n<p><strong>Cuốn s&aacute;ch được chia th&agrave;nh 2 phần ch&iacute;nh như sau:</strong><br />\r\n<br />\r\n<u><em><strong>1. Phần 1:&nbsp;</strong></em></u><br />\r\n&nbsp;</p>\r\n\r\n<ul>\r\n	<li>Hệ thống tư duy, phương ph&aacute;p giải to&aacute;n theo chuy&ecirc;n đề</li>\r\n	<li>Hệ thống v&iacute; dụ, b&agrave;i tập minh họa điển h&igrave;nh k&egrave;m ph&acirc;n t&iacute;ch, đ&aacute;nh gi&aacute;, mở rộng</li>\r\n	<li>Hệ thống b&agrave;i tập r&egrave;n luyện k&egrave;m lời giải th&iacute;ch chi tiết&nbsp;</li>\r\n</ul>\r\n\r\n<p><br />\r\n<u><em><strong>2. Phần 2:&nbsp;</strong></em></u>11 b&agrave;i kiểm tra tổng &ocirc;n luyện sau mỗi chủ đề.<br />\r\n<br />\r\n<em><u><strong>3. Phần 3:&nbsp;</strong></u></em>Đ&aacute;p &aacute;n v&agrave; lời giải chi tiết to&agrave;n bộ chủ đề.<br />\r\n&nbsp;</p>\r\n\r\n<p>Chắc chắn đ&acirc;y sẽ l&agrave; một cuốn cẩm nang qu&yacute; b&aacute;u cho c&aacute;c em học sinh đang v&agrave; sẽ l&ecirc;n lớp 12,&nbsp; c&aacute;c sỉ tử đang chuẩn bị h&agrave;nh trang vững bước v&agrave;o c&aacute;nh cổng Đại Học, gi&uacute;p c&aacute;c em củng cố kiến thức, r&egrave;n luyện chuy&ecirc;n cần kĩ năng l&agrave;m b&agrave;i nhanh hơn, ch&iacute;nh x&aacute;c v&agrave; c&oacute; được một kết quả tốt trong qu&aacute; tr&igrave;nh học tập, &ocirc;n luyện v&agrave;&nbsp;<a href="https://newshop.vn/luyen-thi-dh-cd"><strong>&nbsp;k&igrave; thi THPT Quốc gia</strong></a>&nbsp;sắp tới</p>', 20, 'eJ4gz4HtKvOD2qobdRb3VKgSpkC9Zx7icKgxELw4.jpeg', 50, '2018-11-12 21:52:05', 0, 0, 1, 0, NULL, NULL),
(101, NULL, 'CÔNG PHÁ TOÁN 2(LB52)', '170000', 10, 'Công phá toán (Tập 2) của Đỗ Thị Thúy Ngọc và Ngọc Huyền là cuốn sách tham khảo mới nhất cho học sinh ôn thi đại học môn toán theo hình thức trắc nghiệm với những chuyên đề khác nhau.', '<p><strong>C&ocirc;ng Ph&aacute; To&aacute;n&nbsp;2</strong><br />\r\n<br />\r\n<img alt="" src="https://newshop.vn/public/uploads/content/gif5bb34801801b9.gif" /><br />\r\n&nbsp;</p>\r\n\r\n<p><br />\r\nNhằm đ&aacute;p ứng nhu cầu đ&ocirc;ng đảo của c&aacute;c em học sinh, c&aacute;c thầy c&ocirc; gi&aacute;o v&agrave; c&aacute;c bậc phụ huynh về một bộ s&aacute;ch hệ thống to&agrave;n bộ kiến thức v&agrave; phương ph&aacute;p giải to&aacute;n THPT lớp 11, đặc biệt theo h&igrave;nh thức thi trắc nghiệm kh&aacute;ch quan, Newshop xin giới thiệu cuốn s&aacute;ch&nbsp;<strong>C&ocirc;ng Ph&aacute; To&aacute;n 2</strong>&nbsp;vừa mới ph&aacute;t h&agrave;nh gần đ&acirc;y.</p>\r\n\r\n<p><br />\r\n<em><strong>C&ocirc;ng ph&aacute; To&aacute;n 2 c&oacute; g&igrave;????</strong></em></p>\r\n\r\n<ul>\r\n	<li>Từ hệ thống l&iacute; thuyết đến v&iacute; dụ minh họa, cuối c&ugrave;ng l&agrave; hệ thống b&agrave;i tập vận dụng. Tập hợp phương ph&aacute;p giải to&aacute;n cần thiết trong chương tr&igrave;nh lớp 11 hướng tới k&igrave; thi THPT Quốc Gia.</li>\r\n	<li>Hệ thống l&iacute; thuyết đầy đủ, c&ocirc; đọng v&agrave; đặc biệt l&agrave; hệ thống b&agrave;i tập vận dụng.</li>\r\n	<li>Mỗi b&agrave;i tập được tr&igrave;nh b&agrave;y theo hai hướng giải: Tự luận v&agrave; trắc nghiệm gi&uacute;p c&aacute;c em vừa hiểu bản chất vấn đề vừa hướng dẫn l&agrave;m nhanh qua m&aacute;y t&iacute;nh cầm tay để tiết kiệm thời gian.</li>\r\n	<li>C&oacute; những bổ sung, lưu &yacute;, nhận x&eacute;t để bạn đọc ghi ch&uacute; v&agrave; r&uacute;t kinh nghiệm, ch&uacute; trọng những vấn đề học sinh thường hay nhầm lẫn.</li>\r\n</ul>\r\n\r\n<p><br />\r\n<strong>Mục lục s&aacute;ch:</strong><br />\r\n<br />\r\n+ Chủ đề 1. H&agrave;m số lượng gi&aacute;c v&agrave; phương tr&igrave;nh lượng gi&aacute;c<br />\r\n+ Chủ đề 2. Tổ hớp v&agrave; x&aacute;c suất<br />\r\n+ Chủ đề 3. D&atilde;y số. Cấp số cộng v&agrave; cấp số nh&acirc;n<br />\r\n+ Chủ đề 4. Giới hạn<br />\r\n+ Chủ đề 5. Đạo h&agrave;m<br />\r\n+ Chủ đề 6. Ph&eacute;p dời h&igrave;nh v&agrave; ph&eacute;p đồng dạng trong mặt phẳng<br />\r\n+ Chủ đề 7. Đường thẳng song song với mặt phẳng. Quan hệ song song<br />\r\n+ Chủ đề 8. Vector trong kh&ocirc;ng gian. Quan hệ vu&ocirc;ng g&oacute;c</p>', 20, 'dnLITtwaNUruuRbLMe50OHcFxLTjvg8fQSwfmwne.jpeg', 50, '2018-11-12 21:50:32', 0, 0, 1, 0, NULL, NULL),
(102, NULL, 'CÔNG PHÁ TOÁN 1(LB51)', '160000', 10, 'Công phá toán 1 . Đỗ Thị Thúy Ngọc và Ngọc Huyền là cuốn sách tham khảo mới nhất cho học sinh ôn thi đại học môn toán theo hình thức trắc nghiệm với những chuyên đề khác nhau.', '<p><strong>&nbsp;C&ocirc;ng Ph&aacute; To&aacute;n 1 (Lớp 10)</strong><br />\r\n&nbsp;</p>\r\n\r\n<p>&nbsp;<img alt="" src="https://newshop.vn/public/uploads/content/png5bb347e9ae40a.png" /></p>\r\n\r\n<p>&nbsp;</p>\r\n\r\n<p><br />\r\n&nbsp;Cũng giống như&nbsp;<strong>C&ocirc;ng Ph&aacute; To&aacute;n 2 (lớp 11)</strong>,&nbsp;<strong>C&ocirc;ng Ph&aacute; To&aacute;n 3 (lớp 12)</strong>, cuốn s&aacute;ch&nbsp;<strong>C&ocirc;ng Ph&aacute; To&aacute;n 1&nbsp;</strong>n&agrave;y cũng sẽ gi&uacute;p c&aacute;c em giải quyết được những vấn đề sau:</p>\r\n\r\n<p><strong>&nbsp;Thứ nhất</strong>, cuốn s&aacute;ch gi&uacute;p c&aacute;c em hệ thống lại to&agrave;n bộ phương ph&aacute;p, tư duy giải to&aacute;n cần thiết trong chương tr&igrave;nh lớp 10. B&ecirc;n cạnh đ&oacute;, ch&uacute;ng t&ocirc;i rất ch&uacute; trọng tới việc x&acirc;u chuỗi c&aacute;c kiến thức của lớp 10 với c&aacute;c lớp cấp THCS, đặt trong tương quan với chương tr&igrave;nh của cấp THPT. Ch&uacute;ng t&ocirc;i cũng chủ động đề xuất hệ thống b&agrave;i tập phong ph&uacute;, đa dạng với nhiều dạng to&aacute;n trắc nghiệm lớp 10 mới.</p>\r\n\r\n<p><strong>&nbsp;Thứ hai,</strong>&nbsp;cuốn s&aacute;ch gi&uacute;p c&aacute;c em học sinh nắm được những kĩ năng sử dụng m&aacute;y t&iacute;nh cầm tay cần thiết trong việc giải to&aacute;n lớp 10. Tuy nhi&ecirc;n, những kĩ năng được giới thiệu đều gắn với tư duy giải to&aacute;n, kh&ocirc;ng chỉ đơn thuần l&agrave; c&aacute;c thao t&aacute;c bấm m&aacute;y th&ocirc;ng thường.</p>\r\n\r\n<p><strong>&nbsp;Thứ ba</strong>, cuốn s&aacute;ch t&iacute;ch hợp hệ thống gửi t&agrave;i liệu qua mail, để học sinh c&oacute; cơ hội r&egrave;n luyện, vận dụng c&aacute;c kiến thức th&acirc;u lượm được khi đọc s&aacute;ch. Ngo&agrave;i gửi qua mail đề v&agrave; đ&aacute;p &aacute;n chi tiết c&aacute;c đề tự luyện theo tr&igrave;nh tự thời gian, ch&uacute;ng t&ocirc;i c&ograve;n gửi th&ecirc;m một số t&agrave;i liệu hay, li&ecirc;n quan tới nội dung cuốn s&aacute;ch khi sưu tầm được để c&aacute;c em học sinh th&ecirc;m một lần nữa khai th&aacute;c triệt để gi&aacute; trị của s&aacute;ch. Đ&acirc;y cũng l&agrave; một c&aacute;ch để đảm bảo quyền lợi cho c&aacute;c em, qu&yacute; độc giả sử dụng s&aacute;ch ch&iacute;nh h&atilde;ng.</p>\r\n\r\n<p>Ch&uacute;ng t&ocirc;i hi vọng rằng, cuốn s&aacute;ch cũng sẽ l&agrave; người bạn đồng h&agrave;nh của c&aacute;c em học sinh lớp 11, đặc biệt c&aacute;c em học sinh lớp 12 năm học 2018 - 2019, gi&uacute;p c&aacute;c em &ocirc;n tập lại kiến thức của lớp 10 một c&aacute;ch nhanh nhất, hiệu quả nhất. B&ecirc;n cạnh đ&oacute;, ch&uacute;ng t&ocirc;i cũng hi vọng cuốn s&aacute;ch sẽ l&agrave; trợ thủ đắc lực cho c&aacute;c thầy c&ocirc; gi&aacute;o, gi&uacute;p c&aacute;c thầy c&ocirc; c&oacute; th&ecirc;m nhiều &yacute; tưởng hay khi soạn b&agrave;i, ra c&acirc;u hỏi, bi&ecirc;n soạn đề kiểm tra, đề thi trong qu&aacute; tr&igrave;nh giảng dạy, c&ocirc;ng t&aacute;c của m&igrave;nh.</p>', 20, '1VOkU2jJ8rE1hwMnDn2EKQndAMvJ6ylC5x5V9pHQ.jpeg', 50, '2018-11-12 21:47:58', 0, 0, 1, 0, NULL, NULL),
(103, '123', 'CÔNG PHÁ KĨ THUẬT CASIO TRONG GIẢI TOÁN 10-11-12', '160000', 10, 'Công Phá Kĩ Thuật Casio Trong Giải Toán 10-11-12 là 1 tập hợp những thao tác sử dụng máy tính cầm tay CASIO theo cách khác bình thường mà thậm chí những người thi Học sinh giỏi giải toán trên máy tính CASIO cũng chưa chắc đã thực hiện được', '<p><strong>C&ocirc;ng Ph&aacute; Kĩ Thuật Casio Trong Giải To&aacute;n 10-11-12</strong><br />\r\n<br />\r\n<img alt="CÔNG PHÁ KĨ THUẬT CASIO TRONG GIẢI TOÁN 10-11-12" src="https://newshop.vn/public/uploads/content/png5bb81e192a970.png" /><br />\r\n<br />\r\n&nbsp;</p>\r\n\r\n<p>Trải qua hai&nbsp;<strong><a href="https://newshop.vn/luyen-thi-dh-cd">k&igrave; thi THPT Quốc Gia</a></strong>&nbsp;với h&igrave;nh thức trắc nghiệm (năm 2017 v&agrave; năm 2018), m&aacute;y t&iacute;nh cầm tay (MTCT) đ&atilde; trở th&agrave;nh một c&ocirc;ng cụ đắc lực gi&uacute;p c&aacute;c em giải quyết nhiều kh&acirc;u t&iacute;nh to&aacute;n quan trọng v&agrave; phức tạp của nhiều b&agrave;i to&aacute;n. &quot;C&ocirc;ng Ph&aacute; Kĩ Thuật Casio&quot; nhằm gi&uacute;p học sinh khai th&aacute;c triệt để c&aacute;c t&iacute;nh năng của một MTCT cũng như việc ứng dụng n&oacute; một c&aacute;ch hiệu quả v&agrave;o c&aacute;c b&agrave;i to&aacute;n.<br />\r\n<br />\r\n<strong>Nội dung của cuốn s&aacute;ch n&agrave;y:</strong></p>\r\n\r\n<ul>\r\n	<li>Cuốn s&aacute;ch được bố tr&iacute; với 75% nội dung được viết ở b&ecirc;n phải mỗi trang s&aacute;ch, v&agrave; 25% c&ograve;n lại được gọi l&agrave; c&aacute;c STUDY TIPS với mục đ&iacute;ch giải th&iacute;ch - giải nghĩa - hỗ trợ c&aacute;c em học sinh t&igrave;m hiểu s&acirc;u hơn về nội dung được viết trong phần tương ứng.</li>\r\n	<li>Hệ thống v&iacute; dụ minh họa được sắp xếp v&agrave; ph&acirc;n chia theo&nbsp;<strong>bốn mức độ: nhận biết - th&ocirc;ng hiểu - vận dụng - vận dụng cao</strong>. 90% c&aacute;c b&agrave;i to&aacute;n được giải bằng phương ph&aacute;p sử dụng MTCT v&agrave; kh&ocirc;ng đ&agrave;o s&acirc;u v&agrave;o phương ph&aacute;p tự luận</li>\r\n	<li>Cuốn s&aacute;ch c&oacute; một kho b&agrave;i tập tự luyện rất lớn nhằm gi&uacute;p học sinh th&agrave;nh thạo hơn về c&aacute;c kĩ năng sử dụng MTCT sao cho thuần thục với hướng dẫn giải chi tiết đến từng c&acirc;u.</li>\r\n	<li>C&aacute;ch sử dụng c&aacute;c chức năng được đưa v&agrave;o giới thiệu trong mỗi chủ đề. Cuốn s&aacute;ch ph&ugrave; hợp với học sinh đang sử dụng c&aacute;c loại MTCT như&nbsp;<strong>CASIO fx-570VN PLUS, VINACAL 570ES PLUS II</strong>&nbsp;v&agrave; m&aacute;y&nbsp;<strong>CASIO fx-580VN x</strong>.</li>\r\n</ul>\r\n\r\n<p>Ngo&agrave;i ra, cuốn s&aacute;ch được t&iacute;ch hợp hệ thống gửi t&agrave;i liệu qua Mail, t&aacute;c giả sẽ thường xuy&ecirc;n gửi c&aacute;c t&agrave;i liệu hay, c&aacute;c kỹ thuật mới, c&aacute;c b&agrave;i giảng, b&agrave;i tập bổ sung li&ecirc;n quan đến sử dụng MTCT để độc giả c&oacute; thể khai th&aacute;c triệt để gi&aacute; trị cuốn s&aacute;ch, đạt th&agrave;nh t&iacute;ch tốt nhất trong k&igrave; thi. B&ecirc;n cạnh đ&oacute;, đ&acirc;y cũng l&agrave; một c&aacute;ch để đảm bảo quyền lợi cho c&aacute;c qu&yacute; độc giả sử dụng s&aacute;ch ch&iacute;nh h&atilde;ng.</p>', 20, '67VL3mxWlkhF3KHnaYotvexlmemCeEERubvxGMCq.png', 50, '2018-11-12 22:08:41', 0, 0, 1, 0, NULL, NULL),
(104, 'cp5000', 'CÔNG PHÁ KĨ THUẬT CASIO TRONG GIẢI TOÁN 10-11-12', '5000', 10, 'Công Phá Kĩ Thuật Casio Trong Giải Toán 10-11-12 là 1 tập hợp những thao tác sử dụng máy tính cầm tay CASIO theo cách khác bình thường mà thậm chí những người thi Học sinh giỏi giải toán trên máy tính CASIO cũng chưa chắc đã thực hiện được', '<p><strong>C&ocirc;ng Ph&aacute; Kĩ Thuật Casio Trong Giải To&aacute;n 10-11-12</strong><br />\r\n<br />\r\n<img alt="CÔNG PHÁ KĨ THUẬT CASIO TRONG GIẢI TOÁN 10-11-12" src="https://newshop.vn/public/uploads/content/png5bb81e192a970.png" /><br />\r\n<br />\r\n&nbsp;</p>\r\n\r\n<p>Trải qua hai&nbsp;<strong><a href="https://newshop.vn/luyen-thi-dh-cd">k&igrave; thi THPT Quốc Gia</a></strong>&nbsp;với h&igrave;nh thức trắc nghiệm (năm 2017 v&agrave; năm 2018), m&aacute;y t&iacute;nh cầm tay (MTCT) đ&atilde; trở th&agrave;nh một c&ocirc;ng cụ đắc lực gi&uacute;p c&aacute;c em giải quyết nhiều kh&acirc;u t&iacute;nh to&aacute;n quan trọng v&agrave; phức tạp của nhiều b&agrave;i to&aacute;n. &quot;C&ocirc;ng Ph&aacute; Kĩ Thuật Casio&quot; nhằm gi&uacute;p học sinh khai th&aacute;c triệt để c&aacute;c t&iacute;nh năng của một MTCT cũng như việc ứng dụng n&oacute; một c&aacute;ch hiệu quả v&agrave;o c&aacute;c b&agrave;i to&aacute;n.<br />\r\n<br />\r\n<strong>Nội dung của cuốn s&aacute;ch n&agrave;y:</strong></p>\r\n\r\n<ul>\r\n	<li>Cuốn s&aacute;ch được bố tr&iacute; với 75% nội dung được viết ở b&ecirc;n phải mỗi trang s&aacute;ch, v&agrave; 25% c&ograve;n lại được gọi l&agrave; c&aacute;c STUDY TIPS với mục đ&iacute;ch giải th&iacute;ch - giải nghĩa - hỗ trợ c&aacute;c em học sinh t&igrave;m hiểu s&acirc;u hơn về nội dung được viết trong phần tương ứng.</li>\r\n	<li>Hệ thống v&iacute; dụ minh họa được sắp xếp v&agrave; ph&acirc;n chia theo&nbsp;<strong>bốn mức độ: nhận biết - th&ocirc;ng hiểu - vận dụng - vận dụng cao</strong>. 90% c&aacute;c b&agrave;i to&aacute;n được giải bằng phương ph&aacute;p sử dụng MTCT v&agrave; kh&ocirc;ng đ&agrave;o s&acirc;u v&agrave;o phương ph&aacute;p tự luận</li>\r\n	<li>Cuốn s&aacute;ch c&oacute; một kho b&agrave;i tập tự luyện rất lớn nhằm gi&uacute;p học sinh th&agrave;nh thạo hơn về c&aacute;c kĩ năng sử dụng MTCT sao cho thuần thục với hướng dẫn giải chi tiết đến từng c&acirc;u.</li>\r\n	<li>C&aacute;ch sử dụng c&aacute;c chức năng được đưa v&agrave;o giới thiệu trong mỗi chủ đề. Cuốn s&aacute;ch ph&ugrave; hợp với học sinh đang sử dụng c&aacute;c loại MTCT như&nbsp;<strong>CASIO fx-570VN PLUS, VINACAL 570ES PLUS II</strong>&nbsp;v&agrave; m&aacute;y&nbsp;<strong>CASIO fx-580VN x</strong>.</li>\r\n</ul>\r\n\r\n<p>Ngo&agrave;i ra, cuốn s&aacute;ch được t&iacute;ch hợp hệ thống gửi t&agrave;i liệu qua Mail, t&aacute;c giả sẽ thường xuy&ecirc;n gửi c&aacute;c t&agrave;i liệu hay, c&aacute;c kỹ thuật mới, c&aacute;c b&agrave;i giảng, b&agrave;i tập bổ sung li&ecirc;n quan đến sử dụng MTCT để độc giả c&oacute; thể khai th&aacute;c triệt để gi&aacute; trị cuốn s&aacute;ch, đạt th&agrave;nh t&iacute;ch tốt nhất trong k&igrave; thi. B&ecirc;n cạnh đ&oacute;, đ&acirc;y cũng l&agrave; một c&aacute;ch để đảm bảo quyền lợi cho c&aacute;c qu&yacute; độc giả sử dụng s&aacute;ch ch&iacute;nh h&atilde;ng.</p>', 20, '67VL3mxWlkhF3KHnaYotvexlmemCeEERubvxGMCq.png', 50, '2018-11-12 22:08:41', 0, 0, 1, 1, NULL, NULL),
(105, 'test', 'test', '100000', 0, '123', '<p>123</p>', 36, 'YtNeXdq4QjfO5RO7rKR4GXGioWm9JGzAFvKrspkb.png', 0, '2018-12-11 09:54:23', 0, 0, 1, 0, NULL, NULL),
(106, 'ok', 'ok', '500000', 0, 'ok', '<p>ok</p>', 37, '5T2npENXxX1KROyyF6SCj4rMLqnc45r49UieJ0YX.png', 80, '2018-12-11 09:54:56', 0, 0, 1, 0, NULL, NULL),
(123, NULL, 'CÔNG PHÁ ĐỀ THI QUỐC GIA MÔN VĂN HỌC', '150000', 0, 'Công phá đề văn 2018', '<p>C&ocirc;ng ph&aacute; đề văn 2018</p>', 20, 'geTwH71ziThBUjT3YMbxcuvYpzDhRKKpuMM0i3Rx.jpeg', 67, '2018-11-04 12:56:02', 0, 0, 1, 1, 1544547600, 1544607360),
(124, NULL, 'CÔNG PHÁ ĐỀ THI QUỐC GIA MÔN HÓA HỌC', '150000', 0, 'Công phá hóa học', '<p>C&ocirc;ng ph&aacute; h&oacute;a học</p>', 20, 'wAxF937i08Exx5IG6Vlb3wZIIErzyXVa2eqtPTMx.png', 67, '2018-11-04 13:01:15', 0, 0, 1, 1, 1544547600, 1544607360);

-- --------------------------------------------------------

--
-- Cấu trúc bảng cho bảng `slide`
--

CREATE TABLE `slide` (
  `id_slide` int(11) NOT NULL,
  `id_type` int(1) DEFAULT NULL,
  `name` varchar(200) COLLATE utf8_unicode_ci NOT NULL,
  `code` varchar(200) COLLATE utf8_unicode_ci NOT NULL,
  `picture` varchar(200) COLLATE utf8_unicode_ci NOT NULL,
  `content` text COLLATE utf8_unicode_ci,
  `start` datetime NOT NULL,
  `finish` datetime NOT NULL,
  `url` varchar(200) COLLATE utf8_unicode_ci DEFAULT NULL,
  `active` int(1) DEFAULT NULL
) ENGINE=InnoDB DEFAULT CHARSET=utf8 COLLATE=utf8_unicode_ci;

--
-- Đang đổ dữ liệu cho bảng `slide`
--

INSERT INTO `slide` (`id_slide`, `id_type`, `name`, `code`, `picture`, `content`, `start`, `finish`, `url`, `active`) VALUES
(2, 2, 'Big sale 50%', 'big-sale-50', 'xw1Sdu6uRi8utDzm8tHY5J6BdNril3ghJAx506jT.jpeg', '<p><span style="color:#c0392b"><span style="font-size:20px"><strong>Big sale 50%</strong></span></span><br />\r\n<br />\r\n<img alt="CÔNG PHÁ KĨ THUẬT CASIO TRONG GIẢI TOÁN 10-11-12" src="https://newshop.vn/public/uploads/content/png5bb81e192a970.png" /></p>', '2018-11-26 14:02:12', '2019-11-26 14:02:12', NULL, 1),
(3, 1, 'giai de nha qua mien phi123', 'giai-de-nha-qua-mien-phi123', 'XpkT3OUwW2stt5L7xpQWZ0by1DbbkmYx8iTJaRxv.jpeg', '<p>giai de nha qua mien phi</p>', '2018-12-01 00:00:00', '2020-01-30 00:00:00', 'https://docs.google.com/document/d/1zPlZGfFBDtSa0RA22m3LymVz-qTL5faQSs8SuLE6BcM/edit?fbclid=IwAR3YQL_Sm8UXgQQrI-i0rmm67DLpP-sgDCLj12cuaq9XAZc5Yolzvr2Ka7Q', 1),
(4, 1, 'giai de nha qua mien phi', 'giai-de-nha-qua-mien-phi', 'kFtWzc1Adgbl6gn6PRQIIAiFDKfy1xA8BG8g2odz.jpeg', '<p>hay bl</p>', '2018-12-01 00:00:00', '2018-12-20 00:00:00', 'https://docs.google.com/document/d/1zPlZGfFBDtSa0RA22m3LymVz-qTL5faQSs8SuLE6BcM/edit?fbclid=IwAR3YQL_Sm8UXgQQrI-i0rmm67DLpP-sgDCLj12cuaq9XAZc5Yolzvr2Ka7Q', 1),
(5, 3, 'Làm sao để mua sách miễn phí', 'lam-sao-de-mua-sach-mien-phi', 'KxXV5cfOAMm9lJjzJKyKb9q7ZoPeKbxn4T3TsMBX.jpeg', NULL, '2018-12-01 00:00:00', '2020-11-11 00:00:00', 'http://thegioiluyenthi.vne/huong-dan-mua-hang', 1),
(6, 3, 'Khóa học online', 'khoa-hoc-online', 'Iy5vjx9ya4bCDsnGY4WpqEaW4Kx1Y0CKgb75oPHX.jpeg', NULL, '2018-12-01 00:00:00', '2020-01-01 00:00:00', 'http://thegioiluyenthi.vne/huong-dan-mua-hang', 1),
(7, 4, 'Quảng cáo 1', 'quang-cao-1', 'PA5mrb1SbpyDeU6cYjC5y8KGMLlJnKE9Ju26tvlb.jpeg', NULL, '2018-01-01 00:00:00', '2019-01-01 00:00:00', NULL, 1),
(8, 4, 'Quảng cáo 2', 'quang-cao-2', 'fQvL9N1ksOZ3YtxhqcKPt3mFLVwog66OzjlrhJ1Q.jpeg', NULL, '2018-01-01 00:00:00', '2018-01-11 14:15:00', NULL, 1),
(9, 3, 'ngay thu 6 khuyen mai', 'ngay-thu-6-khuyen-mai', 'sixasv7gAYZFHDvLDc7YmeCcJVNZ5ZOI5pudx2CQ.png', '<p>nhanh tay mua hang</p>', '2018-12-12 00:00:00', '2018-12-12 16:36:00', NULL, 1);

-- --------------------------------------------------------

--
-- Cấu trúc bảng cho bảng `slide_sp`
--

CREATE TABLE `slide_sp` (
  `id` int(11) NOT NULL,
  `id_hinhthuc` int(11) NOT NULL,
  `id_slide` int(11) NOT NULL,
  `id_sp` int(11) NOT NULL
) ENGINE=InnoDB DEFAULT CHARSET=utf8 COLLATE=utf8_unicode_ci;

--
-- Đang đổ dữ liệu cho bảng `slide_sp`
--

INSERT INTO `slide_sp` (`id`, `id_hinhthuc`, `id_slide`, `id_sp`) VALUES
(1, 1, 2, 104),
(8, 1, 2, 14),
(9, 1, 2, 20),
(10, 1, 2, 21),
(11, 1, 2, 22),
(12, 1, 2, 23),
(13, 1, 2, 24),
(19, 1, 8, 14),
(20, 1, 8, 20),
(21, 1, 8, 21),
(40, 2, 9, 123),
(41, 2, 9, 124);

-- --------------------------------------------------------

--
-- Cấu trúc bảng cho bảng `type_slide`
--

CREATE TABLE `type_slide` (
  `id` int(11) NOT NULL,
  `name` varchar(200) COLLATE utf8_unicode_ci NOT NULL,
  `code` varchar(200) COLLATE utf8_unicode_ci NOT NULL
) ENGINE=InnoDB DEFAULT CHARSET=utf8 COLLATE=utf8_unicode_ci;

--
-- Đang đổ dữ liệu cho bảng `type_slide`
--

INSERT INTO `type_slide` (`id`, `name`, `code`) VALUES
(1, 'Slide chính', 'slide-chinh'),
(2, 'Left slide', 'left-slide'),
(3, 'Bottom slide', 'bottom-slide'),
(4, 'Tiêu biểu slide', 'tieu-bieu-slide');

-- --------------------------------------------------------

--
-- Cấu trúc bảng cho bảng `users`
--

CREATE TABLE `users` (
  `id` int(11) NOT NULL,
  `username` varchar(50) COLLATE utf8_unicode_ci NOT NULL,
  `password` varchar(150) COLLATE utf8_unicode_ci NOT NULL,
  `fullname` varchar(50) COLLATE utf8_unicode_ci NOT NULL,
  `email` varchar(100) COLLATE utf8_unicode_ci DEFAULT NULL,
  `facebook` varchar(200) COLLATE utf8_unicode_ci DEFAULT NULL,
  `phone` varchar(20) COLLATE utf8_unicode_ci DEFAULT NULL,
  `address` varchar(200) COLLATE utf8_unicode_ci DEFAULT NULL,
  `money` int(11) NOT NULL,
  `chucvu` int(1) NOT NULL
) ENGINE=InnoDB DEFAULT CHARSET=utf8 COLLATE=utf8_unicode_ci;

--
-- Đang đổ dữ liệu cho bảng `users`
--

INSERT INTO `users` (`id`, `username`, `password`, `fullname`, `email`, `facebook`, `phone`, `address`, `money`, `chucvu`) VALUES
(1, 'admin', '$2y$10$l1aZT4QqQcAB11FeuULNAelnl8JNA5.A/EvQvp4oli0uc0uf61emW', 'Theanh', NULL, NULL, NULL, NULL, 0, 0),
(2, 'mod', '$2y$10$l1aZT4QqQcAB11FeuULNAelnl8JNA5.A/EvQvp4oli0uc0uf61emW', 'mod', NULL, NULL, NULL, NULL, 0, 2),
(3, 'anh', '$2y$10$l1aZT4QqQcAB11FeuULNAelnl8JNA5.A/EvQvp4oli0uc0uf61emW', 'anh', NULL, NULL, NULL, NULL, 0, 2),
(4, 'anhnt', '$2y$10$herZcHop6DRfcLnLncZ7reEB1p0mzZE2wK.SSILP4l49T2punVCsW', 'Anh', NULL, NULL, NULL, NULL, 234542, 2),
(5, 'theanh', '$2y$10$pxQOdpGjENg8RN4xUcoZ1ucdLTG22qXzwiVWRZLVI55e4OQW82IvW', 'Nguyen The Anh', 'theanh.a1k12@gmail.com', NULL, '0919419496', 'Da Nang', 4, 2),
(6, 'hoquihoang', '$2y$10$uM3JFBH/7s.LH4n0JDT1P.ZZ4zzkG8vEmynNsPv4nF4HKf7CoI.Qe', 'hồ quí hoàng', 'hoquihoang@gmail.com', NULL, '0905668662', 'hòa minh, liên chiểu', 29700, 1),
(7, 'thanhadmin', '$2y$10$afyF.Po.ODp4Ilkqdvjnve3WpawaUXcie9E0CJrPCdfH//rN08OsK', 'Nguyễn Lê Thành', '90happyday09@gmail.com', NULL, '0344734429', 'ĐÀ NẴNG', 0, 1),
(8, 'test', '$2y$10$ElIMI/YdGuOu4R18XIkKtOEqyJU4maPLfh33Hi4kUAXrUlwY5Npgu', 'Test Thôi', '97colen@gmail.com', NULL, '0123456789', 'Hà Nội', 0, 2),
(9, 'Trịnh Xuân Điển', '$2y$10$4DkbYvSz3iqKO5xObtndgeMkCZCaIIQvJjmzRqsPmzTFq4cWIoIm.', 'Trịnh Xuân Điển', 'trinhxuandien2000@gmail.com', NULL, '0337310011', 'Đà Nẵng', 0, 1),
(10, 'thaikhactai3303@gmail.com', '$2y$10$MukOcT1h9HsA402FytGoDe8/GVlajweCOjyhTPShh4dcT1fQz8aBG', 'Thái Khắc Tài', 'thaikhactai3003@gmail.com', NULL, '0942787257', 'Biên hòa', 0, 2),
(11, 'trangkyanh', '$2y$10$mJeQhHy0Wlj6W287kbOi6.3RLpe/Y/B/7IHt1hJdDhz4uY25Y2ca.', 'Trang Kỳ Anh', 'kyanhtrang0406@gmail.com', NULL, '0835480407', 'Ninh Thuận', 0, 2),
(12, 'GerMSM', '$2y$10$FjoLJmGo69Et3LaBQr3M8eRZIs3A/VuES/JXb25sZobWz6e778spi', 'Nguyễn Huỳnh Trang Thơ', 'lovemiasanmia@gmail.com', NULL, '0979883436', 'Ảnh Màu Phương Ngân (ngang trường cấp 3) đường Nguyễn Huệ, khu vực Bình Thạnh B, phường Bình Thạnh, thị xã Long Mỹ, tỉnh Hậu Giang', 0, 2),
(13, 'anhnt123', '$2y$10$lCQKoXP9b97WHaXENe/G1ebr73eb11HPYTnmopuWY61qKFmwO/47a', 'Tóc Tiên', 'theanh.a1k1122@gmail.com', 'http://facebook.com/baobao123', '0125333333', 'Đà Nẵng', 0, 2);

-- --------------------------------------------------------

--
-- Cấu trúc bảng cho bảng `user_history`
--

CREATE TABLE `user_history` (
  `id_history` int(11) NOT NULL,
  `username` varchar(50) COLLATE utf8_unicode_ci NOT NULL,
  `nhanvien` varchar(50) COLLATE utf8_unicode_ci DEFAULT NULL,
  `date` varchar(50) COLLATE utf8_unicode_ci NOT NULL,
  `title` varchar(100) COLLATE utf8_unicode_ci NOT NULL,
  `noidung` text COLLATE utf8_unicode_ci NOT NULL
) ENGINE=InnoDB DEFAULT CHARSET=utf8 COLLATE=utf8_unicode_ci;

--
-- Đang đổ dữ liệu cho bảng `user_history`
--

INSERT INTO `user_history` (`id_history`, `username`, `nhanvien`, `date`, `title`, `noidung`) VALUES
(1, 'anhnt', NULL, '2018-11-04 17:19:00', 'Mua hàng', 'Bạn thanh toán bằng tài khoản web với sô tiên :142,500đ'),
(2, 'anhnt', 'admin', '2018-11-04 10:21:02', 'Hoàn tiền đơn hàng bị hủy !', 'Bạn được hoàn trả lại với sô tiên :142,500đ'),
(3, 'hoquihoang', 'admin', '2018-11-05 04:24:08', 'Giới thiệu sản phẩm thành công !', 'Bạn được cộng thêm vài tài khoản với sô tiên :13,500đ'),
(4, 'hoquihoang', 'admin', '2018-11-05 04:30:37', 'Giới thiệu sản phẩm thành công !', 'Bạn được cộng thêm vài tài khoản với sô tiên :0đ'),
(5, 'hoquihoang', 'admin', '2018-11-05 04:37:22', 'Giới thiệu sản phẩm thành công !', 'Bạn được cộng thêm vài tài khoản với sô tiên :16,200đ'),
(6, 'anhnt', NULL, '2018-11-26 14:04:02', 'Mua hàng', 'Bạn thanh toán bằng tài khoản web với sô tiên :90,000đ'),
(7, 'anhnt', 'admin', '2018-11-26 07:05:28', 'Hoàn tiền đơn hàng bị hủy !', 'Bạn được hoàn trả lại với sô tiên :90,000đ');

--
-- Chỉ mục cho các bảng đã đổ
--

--
-- Chỉ mục cho bảng `about`
--
ALTER TABLE `about`
  ADD PRIMARY KEY (`id`);

--
-- Chỉ mục cho bảng `cart`
--
ALTER TABLE `cart`
  ADD PRIMARY KEY (`id_cart`);

--
-- Chỉ mục cho bảng `cart_detail`
--
ALTER TABLE `cart_detail`
  ADD PRIMARY KEY (`id`);

--
-- Chỉ mục cho bảng `cat`
--
ALTER TABLE `cat`
  ADD PRIMARY KEY (`id_cat`);

--
-- Chỉ mục cho bảng `contact`
--
ALTER TABLE `contact`
  ADD PRIMARY KEY (`id_ct`);

--
-- Chỉ mục cho bảng `hinhthuc`
--
ALTER TABLE `hinhthuc`
  ADD PRIMARY KEY (`id_hinhthuc`);

--
-- Chỉ mục cho bảng `picture`
--
ALTER TABLE `picture`
  ADD PRIMARY KEY (`id_p`);

--
-- Chỉ mục cho bảng `sanpham`
--
ALTER TABLE `sanpham`
  ADD PRIMARY KEY (`id_sp`);

--
-- Chỉ mục cho bảng `slide`
--
ALTER TABLE `slide`
  ADD PRIMARY KEY (`id_slide`);

--
-- Chỉ mục cho bảng `slide_sp`
--
ALTER TABLE `slide_sp`
  ADD PRIMARY KEY (`id`);

--
-- Chỉ mục cho bảng `type_slide`
--
ALTER TABLE `type_slide`
  ADD PRIMARY KEY (`id`);

--
-- Chỉ mục cho bảng `users`
--
ALTER TABLE `users`
  ADD PRIMARY KEY (`id`);

--
-- Chỉ mục cho bảng `user_history`
--
ALTER TABLE `user_history`
  ADD PRIMARY KEY (`id_history`);

--
-- AUTO_INCREMENT cho các bảng đã đổ
--

--
-- AUTO_INCREMENT cho bảng `about`
--
ALTER TABLE `about`
  MODIFY `id` int(11) NOT NULL AUTO_INCREMENT, AUTO_INCREMENT=4;
--
-- AUTO_INCREMENT cho bảng `cart`
--
ALTER TABLE `cart`
  MODIFY `id_cart` int(11) NOT NULL AUTO_INCREMENT, AUTO_INCREMENT=14;
--
-- AUTO_INCREMENT cho bảng `cart_detail`
--
ALTER TABLE `cart_detail`
  MODIFY `id` int(11) NOT NULL AUTO_INCREMENT, AUTO_INCREMENT=23;
--
-- AUTO_INCREMENT cho bảng `cat`
--
ALTER TABLE `cat`
  MODIFY `id_cat` int(11) NOT NULL AUTO_INCREMENT, AUTO_INCREMENT=38;
--
-- AUTO_INCREMENT cho bảng `contact`
--
ALTER TABLE `contact`
  MODIFY `id_ct` int(11) NOT NULL AUTO_INCREMENT;
--
-- AUTO_INCREMENT cho bảng `hinhthuc`
--
ALTER TABLE `hinhthuc`
  MODIFY `id_hinhthuc` int(11) NOT NULL AUTO_INCREMENT, AUTO_INCREMENT=4;
--
-- AUTO_INCREMENT cho bảng `picture`
--
ALTER TABLE `picture`
  MODIFY `id_p` int(11) NOT NULL AUTO_INCREMENT;
--
-- AUTO_INCREMENT cho bảng `sanpham`
--
ALTER TABLE `sanpham`
  MODIFY `id_sp` int(11) NOT NULL AUTO_INCREMENT, AUTO_INCREMENT=125;
--
-- AUTO_INCREMENT cho bảng `slide`
--
ALTER TABLE `slide`
  MODIFY `id_slide` int(11) NOT NULL AUTO_INCREMENT, AUTO_INCREMENT=10;
--
-- AUTO_INCREMENT cho bảng `slide_sp`
--
ALTER TABLE `slide_sp`
  MODIFY `id` int(11) NOT NULL AUTO_INCREMENT, AUTO_INCREMENT=42;
--
-- AUTO_INCREMENT cho bảng `type_slide`
--
ALTER TABLE `type_slide`
  MODIFY `id` int(11) NOT NULL AUTO_INCREMENT, AUTO_INCREMENT=5;
--
-- AUTO_INCREMENT cho bảng `users`
--
ALTER TABLE `users`
  MODIFY `id` int(11) NOT NULL AUTO_INCREMENT, AUTO_INCREMENT=14;
--
-- AUTO_INCREMENT cho bảng `user_history`
--
ALTER TABLE `user_history`
  MODIFY `id_history` int(11) NOT NULL AUTO_INCREMENT, AUTO_INCREMENT=8;
/*!40101 SET CHARACTER_SET_CLIENT=@OLD_CHARACTER_SET_CLIENT */;
/*!40101 SET CHARACTER_SET_RESULTS=@OLD_CHARACTER_SET_RESULTS */;
/*!40101 SET COLLATION_CONNECTION=@OLD_COLLATION_CONNECTION */;
